"","ldf_num","exposures","label","known","condition","speechCost","pointCost","partnersExposure"
"1",1,4,"manu",TRUE,"100_30",0,70,0.5
"2",1,2,"toma",TRUE,"100_30",0,70,0.5
"3",1,2,"kreeb",TRUE,"100_30",0,70,0.5
"4",1,4,"kiv",TRUE,"100_30",0,70,0.5
"5",1,4,"wug",TRUE,"100_30",0,70,0.5
"6",1,2,"gazzer",TRUE,"100_30",0,70,0.5
"7",1,1,"fep",TRUE,"100_30",0,70,0.5
"8",1,1,"blicket",FALSE,"100_30",0,70,0.5
"9",1,1,"dax",FALSE,"100_30",0,70,0.5
"10",2,1,"gazzer",TRUE,"80_50",20,50,0
"11",2,4,"blicket",TRUE,"80_50",20,50,0
"12",2,2,"dax",TRUE,"80_50",20,50,0
"13",2,1,"manu",TRUE,"80_50",20,50,0
"14",2,2,"kreeb",TRUE,"80_50",20,50,0
"15",2,4,"toma",TRUE,"80_50",20,50,0
"16",2,2,"kiv",FALSE,"80_50",20,50,0
"17",2,1,"wug",FALSE,"80_50",20,50,0
"18",2,4,"fep",TRUE,"80_50",20,50,0
"19",3,1,"kreeb",TRUE,"80_50",20,50,2
"20",3,4,"blicket",TRUE,"80_50",20,50,2
"21",3,1,"fep",TRUE,"80_50",20,50,2
"22",3,2,"wug",FALSE,"80_50",20,50,2
"23",3,2,"gazzer",FALSE,"80_50",20,50,2
"24",3,2,"kiv",TRUE,"80_50",20,50,2
"25",3,4,"dax",TRUE,"80_50",20,50,2
"26",3,4,"manu",TRUE,"80_50",20,50,2
"27",3,1,"toma",FALSE,"80_50",20,50,2
"28",4,4,"toma",TRUE,"100_30",0,70,0.5
"29",4,4,"blicket",TRUE,"100_30",0,70,0.5
"30",4,4,"kiv",TRUE,"100_30",0,70,0.5
"31",4,2,"wug",FALSE,"100_30",0,70,0.5
"32",4,1,"dax",FALSE,"100_30",0,70,0.5
"33",4,2,"gazzer",TRUE,"100_30",0,70,0.5
"34",4,2,"manu",FALSE,"100_30",0,70,0.5
"35",4,1,"kreeb",FALSE,"100_30",0,70,0.5
"36",4,1,"fep",TRUE,"100_30",0,70,0.5
"37",7,1,"toma",TRUE,"100_30",0,70,0
"38",7,2,"wug",TRUE,"100_30",0,70,0
"39",7,1,"gazzer",TRUE,"100_30",0,70,0
"40",7,1,"fep",FALSE,"100_30",0,70,0
"41",7,4,"dax",TRUE,"100_30",0,70,0
"42",7,2,"manu",FALSE,"100_30",0,70,0
"43",7,2,"kiv",TRUE,"100_30",0,70,0
"44",7,4,"blicket",TRUE,"100_30",0,70,0
"45",7,4,"kreeb",TRUE,"100_30",0,70,0
"46",8,1,"dax",TRUE,"80_50",20,50,2
"47",8,2,"wug",TRUE,"80_50",20,50,2
"48",8,2,"manu",TRUE,"80_50",20,50,2
"49",8,4,"fep",FALSE,"80_50",20,50,2
"50",8,4,"toma",TRUE,"80_50",20,50,2
"51",8,1,"gazzer",FALSE,"80_50",20,50,2
"52",8,4,"blicket",TRUE,"80_50",20,50,2
"53",8,1,"kiv",FALSE,"80_50",20,50,2
"54",8,2,"kreeb",TRUE,"80_50",20,50,2
"55",9,1,"manu",FALSE,"80_50",20,50,0
"56",9,4,"kiv",TRUE,"80_50",20,50,0
"57",9,1,"wug",TRUE,"80_50",20,50,0
"58",9,1,"gazzer",FALSE,"80_50",20,50,0
"59",9,4,"kreeb",TRUE,"80_50",20,50,0
"60",9,2,"dax",FALSE,"80_50",20,50,0
"61",9,2,"fep",TRUE,"80_50",20,50,0
"62",9,4,"blicket",TRUE,"80_50",20,50,0
"63",9,2,"toma",TRUE,"80_50",20,50,0
"64",10,2,"fep",TRUE,"100_30",0,70,2
"65",10,2,"wug",TRUE,"100_30",0,70,2
"66",10,1,"gazzer",FALSE,"100_30",0,70,2
"67",10,4,"blicket",TRUE,"100_30",0,70,2
"68",10,4,"manu",TRUE,"100_30",0,70,2
"69",10,1,"toma",TRUE,"100_30",0,70,2
"70",10,4,"dax",TRUE,"100_30",0,70,2
"71",10,1,"kiv",FALSE,"100_30",0,70,2
"72",10,2,"kreeb",TRUE,"100_30",0,70,2
"73",11,1,"manu",TRUE,"80_50",20,50,0.5
"74",11,2,"gazzer",TRUE,"80_50",20,50,0.5
"75",11,1,"kiv",TRUE,"80_50",20,50,0.5
"76",11,4,"blicket",TRUE,"80_50",20,50,0.5
"77",11,2,"dax",TRUE,"80_50",20,50,0.5
"78",11,2,"toma",TRUE,"80_50",20,50,0.5
"79",11,4,"fep",TRUE,"80_50",20,50,0.5
"80",11,1,"kreeb",TRUE,"80_50",20,50,0.5
"81",11,4,"wug",TRUE,"80_50",20,50,0.5
"82",12,1,"kiv",TRUE,"80_50",20,50,2
"83",12,2,"blicket",TRUE,"80_50",20,50,2
"84",12,2,"kreeb",FALSE,"80_50",20,50,2
"85",12,2,"toma",TRUE,"80_50",20,50,2
"86",12,1,"wug",TRUE,"80_50",20,50,2
"87",12,4,"manu",TRUE,"80_50",20,50,2
"88",12,4,"fep",TRUE,"80_50",20,50,2
"89",12,4,"dax",TRUE,"80_50",20,50,2
"90",12,1,"gazzer",FALSE,"80_50",20,50,2
"91",13,4,"manu",FALSE,"80_50",20,50,2
"92",13,4,"toma",TRUE,"80_50",20,50,2
"93",13,1,"dax",FALSE,"80_50",20,50,2
"94",13,1,"fep",FALSE,"80_50",20,50,2
"95",13,2,"kiv",FALSE,"80_50",20,50,2
"96",13,2,"wug",FALSE,"80_50",20,50,2
"97",13,2,"blicket",FALSE,"80_50",20,50,2
"98",13,4,"kreeb",FALSE,"80_50",20,50,2
"99",13,1,"gazzer",FALSE,"80_50",20,50,2
"100",15,4,"wug",TRUE,"80_50",20,50,0
"101",15,1,"fep",FALSE,"80_50",20,50,0
"102",15,2,"kreeb",TRUE,"80_50",20,50,0
"103",15,4,"kiv",TRUE,"80_50",20,50,0
"104",15,1,"dax",FALSE,"80_50",20,50,0
"105",15,2,"blicket",TRUE,"80_50",20,50,0
"106",15,2,"gazzer",FALSE,"80_50",20,50,0
"107",15,1,"toma",FALSE,"80_50",20,50,0
"108",15,4,"manu",TRUE,"80_50",20,50,0
"109",16,1,"manu",TRUE,"100_30",0,70,0.5
"110",16,4,"kiv",TRUE,"100_30",0,70,0.5
"111",16,4,"gazzer",TRUE,"100_30",0,70,0.5
"112",16,1,"kreeb",FALSE,"100_30",0,70,0.5
"113",16,4,"toma",TRUE,"100_30",0,70,0.5
"114",16,1,"fep",TRUE,"100_30",0,70,0.5
"115",16,2,"wug",TRUE,"100_30",0,70,0.5
"116",16,2,"blicket",TRUE,"100_30",0,70,0.5
"117",16,2,"dax",TRUE,"100_30",0,70,0.5
"118",18,2,"kreeb",FALSE,"100_30",0,70,2
"119",18,1,"manu",FALSE,"100_30",0,70,2
"120",18,1,"toma",TRUE,"100_30",0,70,2
"121",18,2,"fep",TRUE,"100_30",0,70,2
"122",18,1,"kiv",FALSE,"100_30",0,70,2
"123",18,4,"wug",TRUE,"100_30",0,70,2
"124",18,2,"gazzer",TRUE,"100_30",0,70,2
"125",18,4,"blicket",TRUE,"100_30",0,70,2
"126",18,4,"dax",TRUE,"100_30",0,70,2
"127",19,4,"manu",TRUE,"80_50",20,50,0.5
"128",19,1,"kiv",TRUE,"80_50",20,50,0.5
"129",19,2,"kreeb",FALSE,"80_50",20,50,0.5
"130",19,4,"wug",TRUE,"80_50",20,50,0.5
"131",19,2,"toma",TRUE,"80_50",20,50,0.5
"132",19,1,"fep",FALSE,"80_50",20,50,0.5
"133",19,2,"dax",TRUE,"80_50",20,50,0.5
"134",19,1,"gazzer",FALSE,"80_50",20,50,0.5
"135",19,4,"blicket",TRUE,"80_50",20,50,0.5
"136",21,2,"toma",FALSE,"100_30",0,70,0
"137",21,4,"kiv",TRUE,"100_30",0,70,0
"138",21,1,"blicket",TRUE,"100_30",0,70,0
"139",21,1,"wug",FALSE,"100_30",0,70,0
"140",21,4,"manu",TRUE,"100_30",0,70,0
"141",21,2,"gazzer",FALSE,"100_30",0,70,0
"142",21,4,"kreeb",TRUE,"100_30",0,70,0
"143",21,2,"fep",FALSE,"100_30",0,70,0
"144",21,1,"dax",TRUE,"100_30",0,70,0
"145",22,2,"kiv",TRUE,"80_50",20,50,2
"146",22,4,"blicket",TRUE,"80_50",20,50,2
"147",22,2,"wug",TRUE,"80_50",20,50,2
"148",22,2,"dax",TRUE,"80_50",20,50,2
"149",22,4,"manu",TRUE,"80_50",20,50,2
"150",22,1,"fep",TRUE,"80_50",20,50,2
"151",22,1,"kreeb",TRUE,"80_50",20,50,2
"152",22,4,"toma",TRUE,"80_50",20,50,2
"153",22,1,"gazzer",TRUE,"80_50",20,50,2
"154",23,1,"wug",TRUE,"100_30",0,70,2
"155",23,1,"gazzer",TRUE,"100_30",0,70,2
"156",23,4,"blicket",TRUE,"100_30",0,70,2
"157",23,2,"fep",TRUE,"100_30",0,70,2
"158",23,2,"kreeb",TRUE,"100_30",0,70,2
"159",23,2,"manu",TRUE,"100_30",0,70,2
"160",23,1,"dax",TRUE,"100_30",0,70,2
"161",23,4,"toma",TRUE,"100_30",0,70,2
"162",23,4,"kiv",TRUE,"100_30",0,70,2
"163",25,1,"kiv",TRUE,"80_50",20,50,0.5
"164",25,2,"toma",TRUE,"80_50",20,50,0.5
"165",25,4,"manu",TRUE,"80_50",20,50,0.5
"166",25,2,"dax",FALSE,"80_50",20,50,0.5
"167",25,4,"blicket",TRUE,"80_50",20,50,0.5
"168",25,4,"wug",TRUE,"80_50",20,50,0.5
"169",25,1,"fep",FALSE,"80_50",20,50,0.5
"170",25,1,"gazzer",FALSE,"80_50",20,50,0.5
"171",25,2,"kreeb",FALSE,"80_50",20,50,0.5
"172",26,4,"manu",TRUE,"100_30",0,70,2
"173",26,1,"blicket",TRUE,"100_30",0,70,2
"174",26,1,"gazzer",TRUE,"100_30",0,70,2
"175",26,1,"wug",FALSE,"100_30",0,70,2
"176",26,2,"fep",TRUE,"100_30",0,70,2
"177",26,2,"kreeb",FALSE,"100_30",0,70,2
"178",26,4,"kiv",TRUE,"100_30",0,70,2
"179",26,4,"dax",TRUE,"100_30",0,70,2
"180",26,2,"toma",TRUE,"100_30",0,70,2
"181",27,4,"wug",TRUE,"80_50",20,50,2
"182",27,1,"kreeb",FALSE,"80_50",20,50,2
"183",27,1,"blicket",FALSE,"80_50",20,50,2
"184",27,1,"toma",FALSE,"80_50",20,50,2
"185",27,4,"gazzer",TRUE,"80_50",20,50,2
"186",27,2,"kiv",TRUE,"80_50",20,50,2
"187",27,2,"dax",FALSE,"80_50",20,50,2
"188",27,4,"manu",TRUE,"80_50",20,50,2
"189",27,2,"fep",TRUE,"80_50",20,50,2
"190",28,2,"manu",TRUE,"100_30",0,70,0.5
"191",28,4,"gazzer",TRUE,"100_30",0,70,0.5
"192",28,4,"kreeb",TRUE,"100_30",0,70,0.5
"193",28,4,"fep",TRUE,"100_30",0,70,0.5
"194",28,1,"wug",FALSE,"100_30",0,70,0.5
"195",28,1,"dax",FALSE,"100_30",0,70,0.5
"196",28,2,"toma",TRUE,"100_30",0,70,0.5
"197",28,2,"kiv",FALSE,"100_30",0,70,0.5
"198",28,1,"blicket",FALSE,"100_30",0,70,0.5
"199",29,4,"kreeb",TRUE,"80_50",20,50,0.5
"200",29,4,"gazzer",TRUE,"80_50",20,50,0.5
"201",29,1,"fep",FALSE,"80_50",20,50,0.5
"202",29,1,"blicket",TRUE,"80_50",20,50,0.5
"203",29,1,"dax",FALSE,"80_50",20,50,0.5
"204",29,2,"wug",FALSE,"80_50",20,50,0.5
"205",29,2,"kiv",TRUE,"80_50",20,50,0.5
"206",29,2,"manu",FALSE,"80_50",20,50,0.5
"207",29,4,"toma",TRUE,"80_50",20,50,0.5
"208",30,2,"dax",TRUE,"80_50",20,50,2
"209",30,1,"wug",FALSE,"80_50",20,50,2
"210",30,2,"kiv",TRUE,"80_50",20,50,2
"211",30,1,"gazzer",FALSE,"80_50",20,50,2
"212",30,4,"fep",TRUE,"80_50",20,50,2
"213",30,4,"manu",TRUE,"80_50",20,50,2
"214",30,1,"toma",FALSE,"80_50",20,50,2
"215",30,2,"kreeb",TRUE,"80_50",20,50,2
"216",30,4,"blicket",TRUE,"80_50",20,50,2
"217",31,4,"toma",TRUE,"100_30",0,70,0
"218",31,1,"wug",FALSE,"100_30",0,70,0
"219",31,4,"manu",TRUE,"100_30",0,70,0
"220",31,1,"blicket",TRUE,"100_30",0,70,0
"221",31,2,"gazzer",FALSE,"100_30",0,70,0
"222",31,2,"kiv",TRUE,"100_30",0,70,0
"223",31,2,"kreeb",TRUE,"100_30",0,70,0
"224",31,4,"dax",TRUE,"100_30",0,70,0
"225",31,1,"fep",FALSE,"100_30",0,70,0
"226",33,2,"kreeb",TRUE,"80_50",20,50,0.5
"227",33,2,"kiv",TRUE,"80_50",20,50,0.5
"228",33,1,"fep",FALSE,"80_50",20,50,0.5
"229",33,4,"dax",TRUE,"80_50",20,50,0.5
"230",33,4,"manu",TRUE,"80_50",20,50,0.5
"231",33,1,"wug",FALSE,"80_50",20,50,0.5
"232",33,4,"gazzer",TRUE,"80_50",20,50,0.5
"233",33,2,"blicket",TRUE,"80_50",20,50,0.5
"234",33,1,"toma",FALSE,"80_50",20,50,0.5
"235",34,4,"toma",TRUE,"80_50",20,50,2
"236",34,2,"manu",TRUE,"80_50",20,50,2
"237",34,4,"kreeb",TRUE,"80_50",20,50,2
"238",34,2,"kiv",TRUE,"80_50",20,50,2
"239",34,2,"wug",TRUE,"80_50",20,50,2
"240",34,1,"gazzer",TRUE,"80_50",20,50,2
"241",34,4,"fep",TRUE,"80_50",20,50,2
"242",34,1,"blicket",TRUE,"80_50",20,50,2
"243",34,1,"dax",TRUE,"80_50",20,50,2
"244",35,1,"toma",FALSE,"80_50",20,50,0.5
"245",35,2,"fep",TRUE,"80_50",20,50,0.5
"246",35,4,"wug",TRUE,"80_50",20,50,0.5
"247",35,1,"kreeb",FALSE,"80_50",20,50,0.5
"248",35,1,"manu",FALSE,"80_50",20,50,0.5
"249",35,4,"blicket",TRUE,"80_50",20,50,0.5
"250",35,2,"dax",FALSE,"80_50",20,50,0.5
"251",35,2,"kiv",FALSE,"80_50",20,50,0.5
"252",35,4,"gazzer",TRUE,"80_50",20,50,0.5
"253",36,1,"fep",TRUE,"80_50",20,50,2
"254",36,2,"toma",TRUE,"80_50",20,50,2
"255",36,4,"blicket",TRUE,"80_50",20,50,2
"256",36,1,"kreeb",TRUE,"80_50",20,50,2
"257",36,4,"dax",TRUE,"80_50",20,50,2
"258",36,2,"kiv",TRUE,"80_50",20,50,2
"259",36,2,"gazzer",TRUE,"80_50",20,50,2
"260",36,1,"wug",TRUE,"80_50",20,50,2
"261",36,4,"manu",TRUE,"80_50",20,50,2
"262",38,2,"manu",TRUE,"100_30",0,70,0
"263",38,4,"wug",TRUE,"100_30",0,70,0
"264",38,4,"kreeb",TRUE,"100_30",0,70,0
"265",38,2,"dax",TRUE,"100_30",0,70,0
"266",38,4,"toma",TRUE,"100_30",0,70,0
"267",38,1,"fep",TRUE,"100_30",0,70,0
"268",38,1,"kiv",TRUE,"100_30",0,70,0
"269",38,1,"gazzer",FALSE,"100_30",0,70,0
"270",38,2,"blicket",TRUE,"100_30",0,70,0
"271",39,4,"kreeb",TRUE,"80_50",20,50,0
"272",39,1,"gazzer",TRUE,"80_50",20,50,0
"273",39,1,"dax",TRUE,"80_50",20,50,0
"274",39,4,"blicket",TRUE,"80_50",20,50,0
"275",39,2,"fep",TRUE,"80_50",20,50,0
"276",39,4,"kiv",TRUE,"80_50",20,50,0
"277",39,2,"toma",TRUE,"80_50",20,50,0
"278",39,1,"wug",TRUE,"80_50",20,50,0
"279",39,2,"manu",FALSE,"80_50",20,50,0
"280",40,1,"kiv",FALSE,"100_30",0,70,2
"281",40,4,"manu",TRUE,"100_30",0,70,2
"282",40,1,"wug",FALSE,"100_30",0,70,2
"283",40,4,"dax",TRUE,"100_30",0,70,2
"284",40,2,"gazzer",FALSE,"100_30",0,70,2
"285",40,2,"kreeb",TRUE,"100_30",0,70,2
"286",40,4,"toma",TRUE,"100_30",0,70,2
"287",40,2,"fep",TRUE,"100_30",0,70,2
"288",40,1,"blicket",FALSE,"100_30",0,70,2
"289",41,2,"kiv",TRUE,"100_30",0,70,0.5
"290",41,1,"gazzer",TRUE,"100_30",0,70,0.5
"291",41,2,"dax",TRUE,"100_30",0,70,0.5
"292",41,4,"wug",TRUE,"100_30",0,70,0.5
"293",41,1,"kreeb",TRUE,"100_30",0,70,0.5
"294",41,1,"manu",TRUE,"100_30",0,70,0.5
"295",41,2,"fep",TRUE,"100_30",0,70,0.5
"296",41,4,"toma",TRUE,"100_30",0,70,0.5
"297",41,4,"blicket",TRUE,"100_30",0,70,0.5
"298",42,2,"wug",FALSE,"80_50",20,50,0.5
"299",42,1,"kiv",FALSE,"80_50",20,50,0.5
"300",42,2,"fep",TRUE,"80_50",20,50,0.5
"301",42,4,"toma",TRUE,"80_50",20,50,0.5
"302",42,4,"blicket",TRUE,"80_50",20,50,0.5
"303",42,1,"kreeb",FALSE,"80_50",20,50,0.5
"304",42,2,"gazzer",FALSE,"80_50",20,50,0.5
"305",42,1,"dax",FALSE,"80_50",20,50,0.5
"306",42,4,"manu",TRUE,"80_50",20,50,0.5
"307",44,4,"kiv",TRUE,"100_30",0,70,0
"308",44,2,"blicket",TRUE,"100_30",0,70,0
"309",44,1,"wug",TRUE,"100_30",0,70,0
"310",44,1,"gazzer",TRUE,"100_30",0,70,0
"311",44,2,"kreeb",TRUE,"100_30",0,70,0
"312",44,4,"fep",TRUE,"100_30",0,70,0
"313",44,4,"toma",TRUE,"100_30",0,70,0
"314",44,1,"dax",TRUE,"100_30",0,70,0
"315",44,2,"manu",TRUE,"100_30",0,70,0
"316",45,4,"blicket",TRUE,"100_30",0,70,0.5
"317",45,4,"toma",TRUE,"100_30",0,70,0.5
"318",45,2,"kreeb",TRUE,"100_30",0,70,0.5
"319",45,1,"dax",FALSE,"100_30",0,70,0.5
"320",45,2,"gazzer",TRUE,"100_30",0,70,0.5
"321",45,2,"fep",FALSE,"100_30",0,70,0.5
"322",45,1,"manu",FALSE,"100_30",0,70,0.5
"323",45,4,"wug",FALSE,"100_30",0,70,0.5
"324",45,1,"kiv",FALSE,"100_30",0,70,0.5
"325",46,4,"fep",TRUE,"80_50",20,50,2
"326",46,1,"gazzer",FALSE,"80_50",20,50,2
"327",46,2,"toma",TRUE,"80_50",20,50,2
"328",46,2,"kreeb",TRUE,"80_50",20,50,2
"329",46,2,"dax",TRUE,"80_50",20,50,2
"330",46,4,"manu",TRUE,"80_50",20,50,2
"331",46,4,"blicket",TRUE,"80_50",20,50,2
"332",46,1,"kiv",FALSE,"80_50",20,50,2
"333",46,1,"wug",FALSE,"80_50",20,50,2
"334",47,2,"blicket",TRUE,"80_50",20,50,2
"335",47,4,"toma",TRUE,"80_50",20,50,2
"336",47,1,"dax",FALSE,"80_50",20,50,2
"337",47,4,"kiv",TRUE,"80_50",20,50,2
"338",47,2,"gazzer",FALSE,"80_50",20,50,2
"339",47,1,"kreeb",FALSE,"80_50",20,50,2
"340",47,1,"wug",FALSE,"80_50",20,50,2
"341",47,4,"manu",TRUE,"80_50",20,50,2
"342",47,2,"fep",TRUE,"80_50",20,50,2
"343",48,1,"blicket",FALSE,"80_50",20,50,0.5
"344",48,2,"wug",FALSE,"80_50",20,50,0.5
"345",48,2,"kiv",TRUE,"80_50",20,50,0.5
"346",48,4,"kreeb",TRUE,"80_50",20,50,0.5
"347",48,1,"fep",FALSE,"80_50",20,50,0.5
"348",48,2,"manu",FALSE,"80_50",20,50,0.5
"349",48,1,"gazzer",FALSE,"80_50",20,50,0.5
"350",48,4,"toma",TRUE,"80_50",20,50,0.5
"351",48,4,"dax",TRUE,"80_50",20,50,0.5
"352",49,4,"dax",TRUE,"80_50",20,50,0
"353",49,1,"manu",TRUE,"80_50",20,50,0
"354",49,2,"kreeb",TRUE,"80_50",20,50,0
"355",49,4,"fep",TRUE,"80_50",20,50,0
"356",49,2,"kiv",TRUE,"80_50",20,50,0
"357",49,1,"blicket",TRUE,"80_50",20,50,0
"358",49,4,"gazzer",TRUE,"80_50",20,50,0
"359",49,2,"wug",TRUE,"80_50",20,50,0
"360",49,1,"toma",TRUE,"80_50",20,50,0
"361",50,1,"fep",TRUE,"100_30",0,70,2
"362",50,4,"toma",TRUE,"100_30",0,70,2
"363",50,2,"wug",TRUE,"100_30",0,70,2
"364",50,4,"kreeb",TRUE,"100_30",0,70,2
"365",50,2,"dax",TRUE,"100_30",0,70,2
"366",50,1,"gazzer",TRUE,"100_30",0,70,2
"367",50,1,"manu",FALSE,"100_30",0,70,2
"368",50,2,"kiv",TRUE,"100_30",0,70,2
"369",50,4,"blicket",TRUE,"100_30",0,70,2
"370",52,2,"kiv",TRUE,"100_30",0,70,0.5
"371",52,4,"wug",TRUE,"100_30",0,70,0.5
"372",52,4,"toma",TRUE,"100_30",0,70,0.5
"373",52,2,"kreeb",FALSE,"100_30",0,70,0.5
"374",52,1,"gazzer",TRUE,"100_30",0,70,0.5
"375",52,2,"blicket",FALSE,"100_30",0,70,0.5
"376",52,4,"dax",TRUE,"100_30",0,70,0.5
"377",52,1,"fep",FALSE,"100_30",0,70,0.5
"378",52,1,"manu",TRUE,"100_30",0,70,0.5
"379",53,2,"fep",TRUE,"100_30",0,70,0
"380",53,2,"wug",TRUE,"100_30",0,70,0
"381",53,4,"gazzer",TRUE,"100_30",0,70,0
"382",53,1,"kreeb",TRUE,"100_30",0,70,0
"383",53,2,"dax",TRUE,"100_30",0,70,0
"384",53,4,"blicket",TRUE,"100_30",0,70,0
"385",53,1,"toma",TRUE,"100_30",0,70,0
"386",53,4,"kiv",TRUE,"100_30",0,70,0
"387",53,1,"manu",TRUE,"100_30",0,70,0
"388",54,4,"kreeb",TRUE,"80_50",20,50,0.5
"389",54,2,"manu",TRUE,"80_50",20,50,0.5
"390",54,1,"gazzer",TRUE,"80_50",20,50,0.5
"391",54,4,"dax",TRUE,"80_50",20,50,0.5
"392",54,1,"wug",FALSE,"80_50",20,50,0.5
"393",54,2,"blicket",TRUE,"80_50",20,50,0.5
"394",54,4,"toma",FALSE,"80_50",20,50,0.5
"395",54,1,"fep",FALSE,"80_50",20,50,0.5
"396",54,2,"kiv",TRUE,"80_50",20,50,0.5
"397",55,4,"kiv",TRUE,"100_30",0,70,2
"398",55,1,"blicket",TRUE,"100_30",0,70,2
"399",55,2,"kreeb",TRUE,"100_30",0,70,2
"400",55,2,"wug",TRUE,"100_30",0,70,2
"401",55,1,"dax",TRUE,"100_30",0,70,2
"402",55,1,"gazzer",FALSE,"100_30",0,70,2
"403",55,4,"fep",TRUE,"100_30",0,70,2
"404",55,2,"toma",TRUE,"100_30",0,70,2
"405",55,4,"manu",TRUE,"100_30",0,70,2
"406",56,2,"wug",TRUE,"100_30",0,70,2
"407",56,4,"manu",TRUE,"100_30",0,70,2
"408",56,2,"fep",FALSE,"100_30",0,70,2
"409",56,1,"gazzer",FALSE,"100_30",0,70,2
"410",56,4,"kreeb",TRUE,"100_30",0,70,2
"411",56,1,"blicket",FALSE,"100_30",0,70,2
"412",56,4,"toma",TRUE,"100_30",0,70,2
"413",56,2,"dax",TRUE,"100_30",0,70,2
"414",56,1,"kiv",FALSE,"100_30",0,70,2
"415",57,2,"kiv",TRUE,"100_30",0,70,0.5
"416",57,2,"dax",FALSE,"100_30",0,70,0.5
"417",57,1,"gazzer",FALSE,"100_30",0,70,0.5
"418",57,1,"fep",FALSE,"100_30",0,70,0.5
"419",57,4,"kreeb",TRUE,"100_30",0,70,0.5
"420",57,2,"wug",FALSE,"100_30",0,70,0.5
"421",57,4,"toma",TRUE,"100_30",0,70,0.5
"422",57,4,"manu",TRUE,"100_30",0,70,0.5
"423",57,1,"blicket",FALSE,"100_30",0,70,0.5
"424",58,1,"toma",TRUE,"100_30",0,70,2
"425",58,4,"blicket",TRUE,"100_30",0,70,2
"426",58,4,"kreeb",TRUE,"100_30",0,70,2
"427",58,1,"gazzer",TRUE,"100_30",0,70,2
"428",58,2,"dax",TRUE,"100_30",0,70,2
"429",58,2,"wug",TRUE,"100_30",0,70,2
"430",58,2,"kiv",TRUE,"100_30",0,70,2
"431",58,1,"fep",TRUE,"100_30",0,70,2
"432",58,4,"manu",TRUE,"100_30",0,70,2
"433",59,4,"kiv",TRUE,"80_50",20,50,2
"434",59,1,"gazzer",TRUE,"80_50",20,50,2
"435",59,4,"dax",TRUE,"80_50",20,50,2
"436",59,4,"blicket",TRUE,"80_50",20,50,2
"437",59,2,"toma",TRUE,"80_50",20,50,2
"438",59,2,"fep",TRUE,"80_50",20,50,2
"439",59,1,"manu",TRUE,"80_50",20,50,2
"440",59,1,"wug",FALSE,"80_50",20,50,2
"441",59,2,"kreeb",TRUE,"80_50",20,50,2
"442",60,1,"gazzer",TRUE,"100_30",0,70,0.5
"443",60,4,"fep",TRUE,"100_30",0,70,0.5
"444",60,4,"dax",TRUE,"100_30",0,70,0.5
"445",60,2,"manu",TRUE,"100_30",0,70,0.5
"446",60,1,"kreeb",TRUE,"100_30",0,70,0.5
"447",60,1,"blicket",TRUE,"100_30",0,70,0.5
"448",60,2,"toma",TRUE,"100_30",0,70,0.5
"449",60,4,"kiv",TRUE,"100_30",0,70,0.5
"450",60,2,"wug",TRUE,"100_30",0,70,0.5
"451",61,1,"gazzer",TRUE,"80_50",20,50,0.5
"452",61,1,"blicket",TRUE,"80_50",20,50,0.5
"453",61,4,"dax",TRUE,"80_50",20,50,0.5
"454",61,2,"toma",TRUE,"80_50",20,50,0.5
"455",61,2,"fep",TRUE,"80_50",20,50,0.5
"456",61,2,"wug",TRUE,"80_50",20,50,0.5
"457",61,4,"manu",TRUE,"80_50",20,50,0.5
"458",61,4,"kreeb",TRUE,"80_50",20,50,0.5
"459",61,1,"kiv",TRUE,"80_50",20,50,0.5
"460",63,2,"wug",TRUE,"80_50",20,50,2
"461",63,4,"toma",TRUE,"80_50",20,50,2
"462",63,1,"fep",TRUE,"80_50",20,50,2
"463",63,1,"kreeb",TRUE,"80_50",20,50,2
"464",63,2,"manu",TRUE,"80_50",20,50,2
"465",63,4,"gazzer",TRUE,"80_50",20,50,2
"466",63,1,"kiv",FALSE,"80_50",20,50,2
"467",63,4,"dax",TRUE,"80_50",20,50,2
"468",63,2,"blicket",TRUE,"80_50",20,50,2
"469",64,2,"gazzer",TRUE,"80_50",20,50,0
"470",64,4,"kreeb",TRUE,"80_50",20,50,0
"471",64,1,"dax",TRUE,"80_50",20,50,0
"472",64,2,"manu",TRUE,"80_50",20,50,0
"473",64,4,"fep",TRUE,"80_50",20,50,0
"474",64,4,"toma",TRUE,"80_50",20,50,0
"475",64,1,"kiv",TRUE,"80_50",20,50,0
"476",64,2,"blicket",FALSE,"80_50",20,50,0
"477",64,1,"wug",FALSE,"80_50",20,50,0
"478",65,1,"kreeb",FALSE,"80_50",20,50,0.5
"479",65,2,"blicket",TRUE,"80_50",20,50,0.5
"480",65,2,"gazzer",TRUE,"80_50",20,50,0.5
"481",65,1,"fep",FALSE,"80_50",20,50,0.5
"482",65,4,"dax",TRUE,"80_50",20,50,0.5
"483",65,2,"manu",FALSE,"80_50",20,50,0.5
"484",65,4,"toma",TRUE,"80_50",20,50,0.5
"485",65,1,"kiv",FALSE,"80_50",20,50,0.5
"486",65,4,"wug",TRUE,"80_50",20,50,0.5
"487",67,4,"manu",TRUE,"80_50",20,50,0.5
"488",67,4,"toma",FALSE,"80_50",20,50,0.5
"489",67,1,"gazzer",FALSE,"80_50",20,50,0.5
"490",67,4,"blicket",TRUE,"80_50",20,50,0.5
"491",67,2,"fep",TRUE,"80_50",20,50,0.5
"492",67,2,"kiv",TRUE,"80_50",20,50,0.5
"493",67,2,"kreeb",FALSE,"80_50",20,50,0.5
"494",67,1,"wug",FALSE,"80_50",20,50,0.5
"495",67,1,"dax",FALSE,"80_50",20,50,0.5
"496",68,4,"kreeb",TRUE,"100_30",0,70,0.5
"497",68,4,"wug",FALSE,"100_30",0,70,0.5
"498",68,2,"toma",FALSE,"100_30",0,70,0.5
"499",68,2,"manu",FALSE,"100_30",0,70,0.5
"500",68,1,"kiv",FALSE,"100_30",0,70,0.5
"501",68,1,"fep",TRUE,"100_30",0,70,0.5
"502",68,1,"gazzer",FALSE,"100_30",0,70,0.5
"503",68,2,"blicket",FALSE,"100_30",0,70,0.5
"504",68,4,"dax",FALSE,"100_30",0,70,0.5
"505",69,2,"toma",FALSE,"80_50",20,50,0.5
"506",69,4,"wug",TRUE,"80_50",20,50,0.5
"507",69,1,"kreeb",TRUE,"80_50",20,50,0.5
"508",69,2,"gazzer",TRUE,"80_50",20,50,0.5
"509",69,2,"manu",TRUE,"80_50",20,50,0.5
"510",69,1,"fep",TRUE,"80_50",20,50,0.5
"511",69,1,"blicket",TRUE,"80_50",20,50,0.5
"512",69,4,"dax",TRUE,"80_50",20,50,0.5
"513",69,4,"kiv",TRUE,"80_50",20,50,0.5
"514",70,4,"blicket",TRUE,"80_50",20,50,0
"515",70,4,"gazzer",TRUE,"80_50",20,50,0
"516",70,2,"dax",TRUE,"80_50",20,50,0
"517",70,1,"kiv",FALSE,"80_50",20,50,0
"518",70,1,"manu",TRUE,"80_50",20,50,0
"519",70,4,"toma",TRUE,"80_50",20,50,0
"520",70,2,"kreeb",TRUE,"80_50",20,50,0
"521",70,1,"fep",FALSE,"80_50",20,50,0
"522",70,2,"wug",TRUE,"80_50",20,50,0
"523",71,2,"fep",TRUE,"80_50",20,50,0
"524",71,1,"gazzer",TRUE,"80_50",20,50,0
"525",71,1,"wug",TRUE,"80_50",20,50,0
"526",71,4,"dax",TRUE,"80_50",20,50,0
"527",71,1,"blicket",TRUE,"80_50",20,50,0
"528",71,2,"kreeb",TRUE,"80_50",20,50,0
"529",71,4,"kiv",TRUE,"80_50",20,50,0
"530",71,2,"toma",TRUE,"80_50",20,50,0
"531",71,4,"manu",TRUE,"80_50",20,50,0
"532",72,2,"blicket",TRUE,"100_30",0,70,2
"533",72,1,"gazzer",FALSE,"100_30",0,70,2
"534",72,2,"manu",FALSE,"100_30",0,70,2
"535",72,4,"toma",TRUE,"100_30",0,70,2
"536",72,4,"fep",TRUE,"100_30",0,70,2
"537",72,1,"kiv",FALSE,"100_30",0,70,2
"538",72,1,"dax",TRUE,"100_30",0,70,2
"539",72,4,"kreeb",FALSE,"100_30",0,70,2
"540",72,2,"wug",TRUE,"100_30",0,70,2
"541",73,1,"fep",TRUE,"80_50",20,50,0
"542",73,2,"gazzer",TRUE,"80_50",20,50,0
"543",73,2,"toma",TRUE,"80_50",20,50,0
"544",73,4,"dax",TRUE,"80_50",20,50,0
"545",73,1,"blicket",TRUE,"80_50",20,50,0
"546",73,1,"kiv",FALSE,"80_50",20,50,0
"547",73,2,"kreeb",TRUE,"80_50",20,50,0
"548",73,4,"manu",TRUE,"80_50",20,50,0
"549",73,4,"wug",TRUE,"80_50",20,50,0
"550",74,4,"blicket",TRUE,"100_30",0,70,2
"551",74,2,"kreeb",TRUE,"100_30",0,70,2
"552",74,1,"manu",FALSE,"100_30",0,70,2
"553",74,1,"wug",FALSE,"100_30",0,70,2
"554",74,2,"fep",TRUE,"100_30",0,70,2
"555",74,4,"gazzer",TRUE,"100_30",0,70,2
"556",74,2,"toma",FALSE,"100_30",0,70,2
"557",74,4,"dax",FALSE,"100_30",0,70,2
"558",74,1,"kiv",FALSE,"100_30",0,70,2
"559",75,2,"gazzer",TRUE,"100_30",0,70,2
"560",75,1,"blicket",TRUE,"100_30",0,70,2
"561",75,2,"kreeb",TRUE,"100_30",0,70,2
"562",75,1,"fep",TRUE,"100_30",0,70,2
"563",75,4,"toma",TRUE,"100_30",0,70,2
"564",75,2,"dax",TRUE,"100_30",0,70,2
"565",75,4,"wug",TRUE,"100_30",0,70,2
"566",75,1,"kiv",TRUE,"100_30",0,70,2
"567",75,4,"manu",TRUE,"100_30",0,70,2
"568",76,4,"kreeb",TRUE,"80_50",20,50,2
"569",76,4,"fep",TRUE,"80_50",20,50,2
"570",76,1,"dax",FALSE,"80_50",20,50,2
"571",76,4,"blicket",TRUE,"80_50",20,50,2
"572",76,2,"manu",TRUE,"80_50",20,50,2
"573",76,2,"wug",TRUE,"80_50",20,50,2
"574",76,1,"gazzer",TRUE,"80_50",20,50,2
"575",76,1,"toma",TRUE,"80_50",20,50,2
"576",76,2,"kiv",FALSE,"80_50",20,50,2
"577",77,4,"gazzer",TRUE,"80_50",20,50,0.5
"578",77,1,"kreeb",FALSE,"80_50",20,50,0.5
"579",77,1,"wug",FALSE,"80_50",20,50,0.5
"580",77,4,"fep",TRUE,"80_50",20,50,0.5
"581",77,4,"blicket",TRUE,"80_50",20,50,0.5
"582",77,1,"manu",TRUE,"80_50",20,50,0.5
"583",77,2,"dax",TRUE,"80_50",20,50,0.5
"584",77,2,"toma",TRUE,"80_50",20,50,0.5
"585",77,2,"kiv",TRUE,"80_50",20,50,0.5
"586",78,2,"dax",TRUE,"100_30",0,70,2
"587",78,4,"blicket",FALSE,"100_30",0,70,2
"588",78,2,"manu",TRUE,"100_30",0,70,2
"589",78,1,"kiv",TRUE,"100_30",0,70,2
"590",78,1,"gazzer",FALSE,"100_30",0,70,2
"591",78,4,"fep",TRUE,"100_30",0,70,2
"592",78,4,"kreeb",TRUE,"100_30",0,70,2
"593",78,1,"toma",TRUE,"100_30",0,70,2
"594",78,2,"wug",TRUE,"100_30",0,70,2
"595",79,1,"kreeb",FALSE,"80_50",20,50,0
"596",79,2,"gazzer",TRUE,"80_50",20,50,0
"597",79,4,"blicket",TRUE,"80_50",20,50,0
"598",79,1,"wug",TRUE,"80_50",20,50,0
"599",79,1,"kiv",FALSE,"80_50",20,50,0
"600",79,4,"fep",TRUE,"80_50",20,50,0
"601",79,4,"toma",TRUE,"80_50",20,50,0
"602",79,2,"manu",FALSE,"80_50",20,50,0
"603",79,2,"dax",TRUE,"80_50",20,50,0
"604",80,2,"fep",TRUE,"100_30",0,70,0
"605",80,1,"toma",TRUE,"100_30",0,70,0
"606",80,4,"wug",TRUE,"100_30",0,70,0
"607",80,1,"manu",TRUE,"100_30",0,70,0
"608",80,4,"dax",TRUE,"100_30",0,70,0
"609",80,1,"blicket",TRUE,"100_30",0,70,0
"610",80,2,"gazzer",TRUE,"100_30",0,70,0
"611",80,4,"kreeb",TRUE,"100_30",0,70,0
"612",80,2,"kiv",TRUE,"100_30",0,70,0
"613",81,2,"fep",FALSE,"80_50",20,50,0.5
"614",81,4,"gazzer",TRUE,"80_50",20,50,0.5
"615",81,2,"kiv",FALSE,"80_50",20,50,0.5
"616",81,1,"manu",FALSE,"80_50",20,50,0.5
"617",81,1,"kreeb",FALSE,"80_50",20,50,0.5
"618",81,4,"dax",TRUE,"80_50",20,50,0.5
"619",81,2,"blicket",FALSE,"80_50",20,50,0.5
"620",81,4,"wug",TRUE,"80_50",20,50,0.5
"621",81,1,"toma",TRUE,"80_50",20,50,0.5
"622",82,4,"blicket",TRUE,"100_30",0,70,0
"623",82,2,"kiv",TRUE,"100_30",0,70,0
"624",82,2,"gazzer",TRUE,"100_30",0,70,0
"625",82,1,"fep",FALSE,"100_30",0,70,0
"626",82,4,"toma",FALSE,"100_30",0,70,0
"627",82,1,"wug",FALSE,"100_30",0,70,0
"628",82,1,"kreeb",FALSE,"100_30",0,70,0
"629",82,4,"manu",TRUE,"100_30",0,70,0
"630",82,2,"dax",FALSE,"100_30",0,70,0
"631",83,2,"wug",TRUE,"100_30",0,70,0
"632",83,1,"dax",TRUE,"100_30",0,70,0
"633",83,2,"manu",TRUE,"100_30",0,70,0
"634",83,4,"kreeb",TRUE,"100_30",0,70,0
"635",83,1,"toma",TRUE,"100_30",0,70,0
"636",83,4,"kiv",TRUE,"100_30",0,70,0
"637",83,2,"fep",TRUE,"100_30",0,70,0
"638",83,1,"gazzer",TRUE,"100_30",0,70,0
"639",83,4,"blicket",TRUE,"100_30",0,70,0
"640",84,1,"wug",TRUE,"80_50",20,50,0.5
"641",84,1,"kreeb",TRUE,"80_50",20,50,0.5
"642",84,2,"kiv",TRUE,"80_50",20,50,0.5
"643",84,1,"gazzer",FALSE,"80_50",20,50,0.5
"644",84,2,"blicket",TRUE,"80_50",20,50,0.5
"645",84,4,"fep",TRUE,"80_50",20,50,0.5
"646",84,4,"toma",TRUE,"80_50",20,50,0.5
"647",84,2,"manu",TRUE,"80_50",20,50,0.5
"648",84,4,"dax",TRUE,"80_50",20,50,0.5
"649",86,4,"wug",TRUE,"100_30",0,70,0.5
"650",86,1,"dax",FALSE,"100_30",0,70,0.5
"651",86,2,"kiv",FALSE,"100_30",0,70,0.5
"652",86,2,"toma",TRUE,"100_30",0,70,0.5
"653",86,2,"blicket",FALSE,"100_30",0,70,0.5
"654",86,1,"gazzer",FALSE,"100_30",0,70,0.5
"655",86,4,"manu",TRUE,"100_30",0,70,0.5
"656",86,1,"kreeb",FALSE,"100_30",0,70,0.5
"657",86,4,"fep",TRUE,"100_30",0,70,0.5
"658",87,2,"gazzer",TRUE,"100_30",0,70,0.5
"659",87,2,"fep",TRUE,"100_30",0,70,0.5
"660",87,4,"wug",TRUE,"100_30",0,70,0.5
"661",87,1,"manu",FALSE,"100_30",0,70,0.5
"662",87,1,"blicket",FALSE,"100_30",0,70,0.5
"663",87,4,"kreeb",FALSE,"100_30",0,70,0.5
"664",87,1,"kiv",FALSE,"100_30",0,70,0.5
"665",87,4,"dax",FALSE,"100_30",0,70,0.5
"666",87,2,"toma",TRUE,"100_30",0,70,0.5
"667",88,4,"wug",TRUE,"100_30",0,70,0.5
"668",88,2,"manu",TRUE,"100_30",0,70,0.5
"669",88,4,"kiv",TRUE,"100_30",0,70,0.5
"670",88,1,"blicket",FALSE,"100_30",0,70,0.5
"671",88,1,"fep",TRUE,"100_30",0,70,0.5
"672",88,2,"kreeb",TRUE,"100_30",0,70,0.5
"673",88,1,"toma",FALSE,"100_30",0,70,0.5
"674",88,4,"gazzer",TRUE,"100_30",0,70,0.5
"675",88,2,"dax",TRUE,"100_30",0,70,0.5
"676",90,4,"manu",TRUE,"100_30",0,70,0.5
"677",90,2,"fep",FALSE,"100_30",0,70,0.5
"678",90,1,"wug",FALSE,"100_30",0,70,0.5
"679",90,4,"kiv",TRUE,"100_30",0,70,0.5
"680",90,2,"gazzer",TRUE,"100_30",0,70,0.5
"681",90,1,"toma",TRUE,"100_30",0,70,0.5
"682",90,2,"blicket",TRUE,"100_30",0,70,0.5
"683",90,1,"kreeb",FALSE,"100_30",0,70,0.5
"684",90,4,"dax",TRUE,"100_30",0,70,0.5
"685",91,2,"kiv",TRUE,"100_30",0,70,2
"686",91,1,"dax",TRUE,"100_30",0,70,2
"687",91,1,"manu",TRUE,"100_30",0,70,2
"688",91,2,"fep",TRUE,"100_30",0,70,2
"689",91,1,"kreeb",FALSE,"100_30",0,70,2
"690",91,2,"toma",TRUE,"100_30",0,70,2
"691",91,4,"gazzer",TRUE,"100_30",0,70,2
"692",91,4,"blicket",TRUE,"100_30",0,70,2
"693",91,4,"wug",TRUE,"100_30",0,70,2
"694",92,2,"manu",TRUE,"80_50",20,50,0
"695",92,4,"fep",TRUE,"80_50",20,50,0
"696",92,4,"blicket",TRUE,"80_50",20,50,0
"697",92,2,"wug",TRUE,"80_50",20,50,0
"698",92,1,"toma",FALSE,"80_50",20,50,0
"699",92,1,"dax",TRUE,"80_50",20,50,0
"700",92,4,"gazzer",TRUE,"80_50",20,50,0
"701",92,1,"kiv",FALSE,"80_50",20,50,0
"702",92,2,"kreeb",FALSE,"80_50",20,50,0
"703",93,2,"kreeb",TRUE,"100_30",0,70,0.5
"704",93,2,"toma",TRUE,"100_30",0,70,0.5
"705",93,2,"kiv",FALSE,"100_30",0,70,0.5
"706",93,1,"wug",TRUE,"100_30",0,70,0.5
"707",93,1,"blicket",TRUE,"100_30",0,70,0.5
"708",93,4,"gazzer",TRUE,"100_30",0,70,0.5
"709",93,4,"manu",TRUE,"100_30",0,70,0.5
"710",93,1,"fep",TRUE,"100_30",0,70,0.5
"711",93,4,"dax",TRUE,"100_30",0,70,0.5
"712",94,1,"fep",TRUE,"80_50",20,50,2
"713",94,4,"dax",TRUE,"80_50",20,50,2
"714",94,2,"kreeb",FALSE,"80_50",20,50,2
"715",94,1,"gazzer",FALSE,"80_50",20,50,2
"716",94,4,"wug",TRUE,"80_50",20,50,2
"717",94,2,"toma",TRUE,"80_50",20,50,2
"718",94,2,"manu",TRUE,"80_50",20,50,2
"719",94,4,"kiv",TRUE,"80_50",20,50,2
"720",94,1,"blicket",FALSE,"80_50",20,50,2
"721",95,2,"fep",TRUE,"80_50",20,50,0.5
"722",95,4,"gazzer",TRUE,"80_50",20,50,0.5
"723",95,4,"wug",TRUE,"80_50",20,50,0.5
"724",95,2,"toma",TRUE,"80_50",20,50,0.5
"725",95,1,"blicket",TRUE,"80_50",20,50,0.5
"726",95,1,"dax",TRUE,"80_50",20,50,0.5
"727",95,2,"kiv",TRUE,"80_50",20,50,0.5
"728",95,1,"manu",TRUE,"80_50",20,50,0.5
"729",95,4,"kreeb",TRUE,"80_50",20,50,0.5
"730",96,1,"gazzer",TRUE,"80_50",20,50,2
"731",96,2,"manu",TRUE,"80_50",20,50,2
"732",96,4,"dax",TRUE,"80_50",20,50,2
"733",96,1,"toma",FALSE,"80_50",20,50,2
"734",96,4,"blicket",TRUE,"80_50",20,50,2
"735",96,2,"fep",TRUE,"80_50",20,50,2
"736",96,1,"wug",FALSE,"80_50",20,50,2
"737",96,2,"kiv",TRUE,"80_50",20,50,2
"738",96,4,"kreeb",TRUE,"80_50",20,50,2
"739",97,4,"dax",FALSE,"100_30",0,70,0
"740",97,1,"kiv",TRUE,"100_30",0,70,0
"741",97,1,"gazzer",FALSE,"100_30",0,70,0
"742",97,1,"manu",FALSE,"100_30",0,70,0
"743",97,2,"wug",FALSE,"100_30",0,70,0
"744",97,2,"blicket",FALSE,"100_30",0,70,0
"745",97,2,"kreeb",FALSE,"100_30",0,70,0
"746",97,4,"toma",TRUE,"100_30",0,70,0
"747",97,4,"fep",FALSE,"100_30",0,70,0
"748",98,4,"manu",TRUE,"100_30",0,70,2
"749",98,2,"kiv",TRUE,"100_30",0,70,2
"750",98,4,"wug",TRUE,"100_30",0,70,2
"751",98,4,"dax",TRUE,"100_30",0,70,2
"752",98,1,"gazzer",FALSE,"100_30",0,70,2
"753",98,2,"fep",TRUE,"100_30",0,70,2
"754",98,1,"kreeb",TRUE,"100_30",0,70,2
"755",98,2,"blicket",TRUE,"100_30",0,70,2
"756",98,1,"toma",TRUE,"100_30",0,70,2
"757",99,4,"fep",TRUE,"80_50",20,50,2
"758",99,4,"toma",TRUE,"80_50",20,50,2
"759",99,2,"manu",TRUE,"80_50",20,50,2
"760",99,1,"kiv",FALSE,"80_50",20,50,2
"761",99,4,"kreeb",FALSE,"80_50",20,50,2
"762",99,2,"wug",FALSE,"80_50",20,50,2
"763",99,1,"blicket",TRUE,"80_50",20,50,2
"764",99,2,"dax",FALSE,"80_50",20,50,2
"765",99,1,"gazzer",FALSE,"80_50",20,50,2
"766",100,1,"manu",FALSE,"80_50",20,50,2
"767",100,2,"fep",FALSE,"80_50",20,50,2
"768",100,2,"toma",TRUE,"80_50",20,50,2
"769",100,4,"gazzer",TRUE,"80_50",20,50,2
"770",100,4,"kreeb",TRUE,"80_50",20,50,2
"771",100,4,"dax",TRUE,"80_50",20,50,2
"772",100,1,"blicket",TRUE,"80_50",20,50,2
"773",100,2,"kiv",FALSE,"80_50",20,50,2
"774",100,1,"wug",TRUE,"80_50",20,50,2
"775",101,4,"toma",TRUE,"80_50",20,50,0
"776",101,2,"manu",TRUE,"80_50",20,50,0
"777",101,4,"blicket",TRUE,"80_50",20,50,0
"778",101,1,"wug",TRUE,"80_50",20,50,0
"779",101,1,"dax",TRUE,"80_50",20,50,0
"780",101,2,"kiv",TRUE,"80_50",20,50,0
"781",101,4,"kreeb",TRUE,"80_50",20,50,0
"782",101,1,"fep",TRUE,"80_50",20,50,0
"783",101,2,"gazzer",TRUE,"80_50",20,50,0
"784",102,1,"toma",TRUE,"80_50",20,50,0
"785",102,1,"fep",TRUE,"80_50",20,50,0
"786",102,1,"blicket",FALSE,"80_50",20,50,0
"787",102,2,"gazzer",TRUE,"80_50",20,50,0
"788",102,4,"kreeb",TRUE,"80_50",20,50,0
"789",102,2,"kiv",TRUE,"80_50",20,50,0
"790",102,4,"dax",TRUE,"80_50",20,50,0
"791",102,4,"wug",TRUE,"80_50",20,50,0
"792",102,2,"manu",TRUE,"80_50",20,50,0
"793",103,2,"kreeb",FALSE,"80_50",20,50,0
"794",103,4,"wug",TRUE,"80_50",20,50,0
"795",103,4,"blicket",TRUE,"80_50",20,50,0
"796",103,2,"kiv",FALSE,"80_50",20,50,0
"797",103,2,"gazzer",FALSE,"80_50",20,50,0
"798",103,4,"manu",TRUE,"80_50",20,50,0
"799",103,1,"fep",TRUE,"80_50",20,50,0
"800",103,1,"toma",FALSE,"80_50",20,50,0
"801",103,1,"dax",FALSE,"80_50",20,50,0
"802",106,1,"kiv",TRUE,"100_30",0,70,0.5
"803",106,1,"fep",FALSE,"100_30",0,70,0.5
"804",106,4,"gazzer",TRUE,"100_30",0,70,0.5
"805",106,2,"dax",TRUE,"100_30",0,70,0.5
"806",106,4,"manu",TRUE,"100_30",0,70,0.5
"807",106,2,"wug",TRUE,"100_30",0,70,0.5
"808",106,2,"toma",TRUE,"100_30",0,70,0.5
"809",106,4,"kreeb",TRUE,"100_30",0,70,0.5
"810",106,1,"blicket",TRUE,"100_30",0,70,0.5
"811",107,1,"toma",TRUE,"80_50",20,50,0
"812",107,4,"wug",TRUE,"80_50",20,50,0
"813",107,1,"kiv",TRUE,"80_50",20,50,0
"814",107,4,"kreeb",TRUE,"80_50",20,50,0
"815",107,1,"blicket",TRUE,"80_50",20,50,0
"816",107,4,"gazzer",TRUE,"80_50",20,50,0
"817",107,2,"dax",TRUE,"80_50",20,50,0
"818",107,2,"fep",TRUE,"80_50",20,50,0
"819",107,2,"manu",TRUE,"80_50",20,50,0
"820",109,2,"wug",TRUE,"80_50",20,50,2
"821",109,2,"gazzer",TRUE,"80_50",20,50,2
"822",109,1,"manu",TRUE,"80_50",20,50,2
"823",109,2,"blicket",TRUE,"80_50",20,50,2
"824",109,4,"fep",TRUE,"80_50",20,50,2
"825",109,1,"kreeb",TRUE,"80_50",20,50,2
"826",109,4,"dax",TRUE,"80_50",20,50,2
"827",109,1,"toma",TRUE,"80_50",20,50,2
"828",109,4,"kiv",TRUE,"80_50",20,50,2
"829",110,2,"gazzer",FALSE,"80_50",20,50,2
"830",110,1,"blicket",TRUE,"80_50",20,50,2
"831",110,4,"toma",TRUE,"80_50",20,50,2
"832",110,1,"kiv",FALSE,"80_50",20,50,2
"833",110,2,"wug",FALSE,"80_50",20,50,2
"834",110,1,"dax",FALSE,"80_50",20,50,2
"835",110,4,"manu",TRUE,"80_50",20,50,2
"836",110,4,"fep",TRUE,"80_50",20,50,2
"837",110,2,"kreeb",FALSE,"80_50",20,50,2
"838",111,1,"gazzer",FALSE,"100_30",0,70,2
"839",111,2,"blicket",TRUE,"100_30",0,70,2
"840",111,2,"manu",TRUE,"100_30",0,70,2
"841",111,4,"kreeb",TRUE,"100_30",0,70,2
"842",111,1,"toma",FALSE,"100_30",0,70,2
"843",111,2,"dax",FALSE,"100_30",0,70,2
"844",111,4,"kiv",TRUE,"100_30",0,70,2
"845",111,4,"wug",TRUE,"100_30",0,70,2
"846",111,1,"fep",FALSE,"100_30",0,70,2
"847",112,1,"kiv",FALSE,"100_30",0,70,0
"848",112,2,"dax",TRUE,"100_30",0,70,0
"849",112,2,"toma",FALSE,"100_30",0,70,0
"850",112,4,"kreeb",FALSE,"100_30",0,70,0
"851",112,1,"manu",FALSE,"100_30",0,70,0
"852",112,1,"gazzer",FALSE,"100_30",0,70,0
"853",112,4,"wug",TRUE,"100_30",0,70,0
"854",112,4,"blicket",TRUE,"100_30",0,70,0
"855",112,2,"fep",FALSE,"100_30",0,70,0
"856",113,2,"kreeb",TRUE,"100_30",0,70,0.5
"857",113,1,"wug",TRUE,"100_30",0,70,0.5
"858",113,4,"dax",TRUE,"100_30",0,70,0.5
"859",113,1,"fep",TRUE,"100_30",0,70,0.5
"860",113,2,"gazzer",TRUE,"100_30",0,70,0.5
"861",113,4,"kiv",TRUE,"100_30",0,70,0.5
"862",113,2,"manu",TRUE,"100_30",0,70,0.5
"863",113,4,"toma",TRUE,"100_30",0,70,0.5
"864",113,1,"blicket",TRUE,"100_30",0,70,0.5
"865",114,4,"manu",TRUE,"80_50",20,50,0.5
"866",114,1,"dax",TRUE,"80_50",20,50,0.5
"867",114,2,"toma",TRUE,"80_50",20,50,0.5
"868",114,2,"blicket",TRUE,"80_50",20,50,0.5
"869",114,1,"wug",FALSE,"80_50",20,50,0.5
"870",114,1,"fep",FALSE,"80_50",20,50,0.5
"871",114,4,"kiv",TRUE,"80_50",20,50,0.5
"872",114,4,"gazzer",TRUE,"80_50",20,50,0.5
"873",114,2,"kreeb",TRUE,"80_50",20,50,0.5
"874",115,1,"blicket",FALSE,"100_30",0,70,0
"875",115,2,"fep",FALSE,"100_30",0,70,0
"876",115,2,"wug",FALSE,"100_30",0,70,0
"877",115,4,"gazzer",FALSE,"100_30",0,70,0
"878",115,1,"manu",TRUE,"100_30",0,70,0
"879",115,4,"kreeb",TRUE,"100_30",0,70,0
"880",115,4,"dax",FALSE,"100_30",0,70,0
"881",115,1,"kiv",FALSE,"100_30",0,70,0
"882",115,2,"toma",FALSE,"100_30",0,70,0
"883",117,1,"kreeb",FALSE,"80_50",20,50,2
"884",117,2,"wug",TRUE,"80_50",20,50,2
"885",117,4,"gazzer",TRUE,"80_50",20,50,2
"886",117,2,"manu",TRUE,"80_50",20,50,2
"887",117,2,"fep",TRUE,"80_50",20,50,2
"888",117,1,"blicket",FALSE,"80_50",20,50,2
"889",117,4,"dax",TRUE,"80_50",20,50,2
"890",117,4,"toma",TRUE,"80_50",20,50,2
"891",117,1,"kiv",TRUE,"80_50",20,50,2
"892",118,4,"fep",TRUE,"80_50",20,50,0
"893",118,1,"gazzer",TRUE,"80_50",20,50,0
"894",118,2,"kreeb",FALSE,"80_50",20,50,0
"895",118,2,"blicket",TRUE,"80_50",20,50,0
"896",118,4,"manu",TRUE,"80_50",20,50,0
"897",118,2,"wug",FALSE,"80_50",20,50,0
"898",118,1,"dax",FALSE,"80_50",20,50,0
"899",118,1,"toma",FALSE,"80_50",20,50,0
"900",118,4,"kiv",TRUE,"80_50",20,50,0
"901",119,1,"wug",TRUE,"100_30",0,70,2
"902",119,1,"kiv",TRUE,"100_30",0,70,2
"903",119,4,"manu",TRUE,"100_30",0,70,2
"904",119,2,"blicket",TRUE,"100_30",0,70,2
"905",119,4,"fep",TRUE,"100_30",0,70,2
"906",119,2,"gazzer",TRUE,"100_30",0,70,2
"907",119,1,"kreeb",TRUE,"100_30",0,70,2
"908",119,2,"dax",TRUE,"100_30",0,70,2
"909",119,4,"toma",TRUE,"100_30",0,70,2
"910",120,1,"kiv",TRUE,"100_30",0,70,0
"911",120,2,"manu",TRUE,"100_30",0,70,0
"912",120,4,"fep",TRUE,"100_30",0,70,0
"913",120,4,"toma",TRUE,"100_30",0,70,0
"914",120,2,"blicket",TRUE,"100_30",0,70,0
"915",120,1,"kreeb",TRUE,"100_30",0,70,0
"916",120,2,"dax",TRUE,"100_30",0,70,0
"917",120,4,"gazzer",TRUE,"100_30",0,70,0
"918",120,1,"wug",TRUE,"100_30",0,70,0
"919",121,1,"kreeb",FALSE,"80_50",20,50,0
"920",121,4,"fep",TRUE,"80_50",20,50,0
"921",121,4,"dax",TRUE,"80_50",20,50,0
"922",121,4,"blicket",TRUE,"80_50",20,50,0
"923",121,1,"gazzer",FALSE,"80_50",20,50,0
"924",121,2,"wug",TRUE,"80_50",20,50,0
"925",121,1,"kiv",FALSE,"80_50",20,50,0
"926",121,2,"toma",TRUE,"80_50",20,50,0
"927",121,2,"manu",TRUE,"80_50",20,50,0
"928",122,1,"dax",TRUE,"100_30",0,70,0.5
"929",122,4,"kreeb",TRUE,"100_30",0,70,0.5
"930",122,4,"fep",TRUE,"100_30",0,70,0.5
"931",122,2,"kiv",FALSE,"100_30",0,70,0.5
"932",122,1,"gazzer",FALSE,"100_30",0,70,0.5
"933",122,1,"blicket",TRUE,"100_30",0,70,0.5
"934",122,4,"wug",TRUE,"100_30",0,70,0.5
"935",122,2,"toma",TRUE,"100_30",0,70,0.5
"936",122,2,"manu",TRUE,"100_30",0,70,0.5
"937",123,2,"blicket",FALSE,"80_50",20,50,0.5
"938",123,2,"toma",FALSE,"80_50",20,50,0.5
"939",123,1,"kiv",FALSE,"80_50",20,50,0.5
"940",123,1,"wug",FALSE,"80_50",20,50,0.5
"941",123,4,"kreeb",TRUE,"80_50",20,50,0.5
"942",123,1,"fep",TRUE,"80_50",20,50,0.5
"943",123,4,"gazzer",TRUE,"80_50",20,50,0.5
"944",123,4,"dax",TRUE,"80_50",20,50,0.5
"945",123,2,"manu",TRUE,"80_50",20,50,0.5
"946",124,1,"dax",TRUE,"80_50",20,50,0.5
"947",124,2,"blicket",TRUE,"80_50",20,50,0.5
"948",124,4,"kreeb",TRUE,"80_50",20,50,0.5
"949",124,2,"fep",TRUE,"80_50",20,50,0.5
"950",124,2,"manu",TRUE,"80_50",20,50,0.5
"951",124,4,"toma",TRUE,"80_50",20,50,0.5
"952",124,1,"kiv",TRUE,"80_50",20,50,0.5
"953",124,4,"gazzer",TRUE,"80_50",20,50,0.5
"954",124,1,"wug",FALSE,"80_50",20,50,0.5
"955",125,2,"dax",TRUE,"80_50",20,50,0
"956",125,2,"gazzer",TRUE,"80_50",20,50,0
"957",125,1,"manu",TRUE,"80_50",20,50,0
"958",125,2,"toma",TRUE,"80_50",20,50,0
"959",125,4,"kiv",TRUE,"80_50",20,50,0
"960",125,4,"fep",FALSE,"80_50",20,50,0
"961",125,1,"kreeb",FALSE,"80_50",20,50,0
"962",125,4,"wug",FALSE,"80_50",20,50,0
"963",125,1,"blicket",FALSE,"80_50",20,50,0
"964",126,4,"toma",TRUE,"100_30",0,70,0.5
"965",126,1,"kiv",TRUE,"100_30",0,70,0.5
"966",126,1,"dax",TRUE,"100_30",0,70,0.5
"967",126,1,"kreeb",TRUE,"100_30",0,70,0.5
"968",126,4,"gazzer",TRUE,"100_30",0,70,0.5
"969",126,2,"blicket",TRUE,"100_30",0,70,0.5
"970",126,2,"wug",TRUE,"100_30",0,70,0.5
"971",126,4,"manu",TRUE,"100_30",0,70,0.5
"972",126,2,"fep",TRUE,"100_30",0,70,0.5
"973",128,2,"gazzer",TRUE,"100_30",0,70,2
"974",128,2,"manu",TRUE,"100_30",0,70,2
"975",128,2,"kreeb",TRUE,"100_30",0,70,2
"976",128,1,"toma",FALSE,"100_30",0,70,2
"977",128,1,"fep",FALSE,"100_30",0,70,2
"978",128,4,"wug",FALSE,"100_30",0,70,2
"979",128,4,"blicket",TRUE,"100_30",0,70,2
"980",128,1,"kiv",FALSE,"100_30",0,70,2
"981",128,4,"dax",TRUE,"100_30",0,70,2
"982",129,4,"kiv",FALSE,"100_30",0,70,0.5
"983",129,2,"gazzer",FALSE,"100_30",0,70,0.5
"984",129,1,"fep",FALSE,"100_30",0,70,0.5
"985",129,1,"dax",TRUE,"100_30",0,70,0.5
"986",129,4,"toma",FALSE,"100_30",0,70,0.5
"987",129,1,"manu",FALSE,"100_30",0,70,0.5
"988",129,2,"kreeb",FALSE,"100_30",0,70,0.5
"989",129,4,"blicket",TRUE,"100_30",0,70,0.5
"990",129,2,"wug",TRUE,"100_30",0,70,0.5
"991",131,4,"kiv",TRUE,"80_50",20,50,0.5
"992",131,4,"manu",TRUE,"80_50",20,50,0.5
"993",131,2,"toma",TRUE,"80_50",20,50,0.5
"994",131,1,"wug",FALSE,"80_50",20,50,0.5
"995",131,2,"blicket",TRUE,"80_50",20,50,0.5
"996",131,1,"dax",FALSE,"80_50",20,50,0.5
"997",131,4,"kreeb",TRUE,"80_50",20,50,0.5
"998",131,2,"gazzer",FALSE,"80_50",20,50,0.5
"999",131,1,"fep",FALSE,"80_50",20,50,0.5
"1000",132,1,"kiv",TRUE,"100_30",0,70,2
"1001",132,4,"blicket",TRUE,"100_30",0,70,2
"1002",132,1,"manu",TRUE,"100_30",0,70,2
"1003",132,1,"dax",TRUE,"100_30",0,70,2
"1004",132,4,"gazzer",TRUE,"100_30",0,70,2
"1005",132,2,"toma",TRUE,"100_30",0,70,2
"1006",132,2,"wug",TRUE,"100_30",0,70,2
"1007",132,4,"kreeb",FALSE,"100_30",0,70,2
"1008",132,2,"fep",TRUE,"100_30",0,70,2
"1009",133,4,"gazzer",TRUE,"100_30",0,70,0
"1010",133,1,"blicket",TRUE,"100_30",0,70,0
"1011",133,4,"kreeb",TRUE,"100_30",0,70,0
"1012",133,2,"wug",TRUE,"100_30",0,70,0
"1013",133,4,"toma",TRUE,"100_30",0,70,0
"1014",133,1,"kiv",FALSE,"100_30",0,70,0
"1015",133,2,"dax",TRUE,"100_30",0,70,0
"1016",133,2,"manu",TRUE,"100_30",0,70,0
"1017",133,1,"fep",FALSE,"100_30",0,70,0
"1018",134,2,"fep",TRUE,"80_50",20,50,0.5
"1019",134,4,"manu",TRUE,"80_50",20,50,0.5
"1020",134,2,"wug",TRUE,"80_50",20,50,0.5
"1021",134,1,"kreeb",FALSE,"80_50",20,50,0.5
"1022",134,4,"gazzer",TRUE,"80_50",20,50,0.5
"1023",134,4,"kiv",TRUE,"80_50",20,50,0.5
"1024",134,1,"toma",FALSE,"80_50",20,50,0.5
"1025",134,1,"blicket",TRUE,"80_50",20,50,0.5
"1026",134,2,"dax",TRUE,"80_50",20,50,0.5
"1027",135,1,"blicket",FALSE,"80_50",20,50,0
"1028",135,2,"manu",FALSE,"80_50",20,50,0
"1029",135,2,"dax",TRUE,"80_50",20,50,0
"1030",135,2,"kiv",TRUE,"80_50",20,50,0
"1031",135,4,"toma",TRUE,"80_50",20,50,0
"1032",135,1,"gazzer",FALSE,"80_50",20,50,0
"1033",135,4,"kreeb",TRUE,"80_50",20,50,0
"1034",135,1,"wug",FALSE,"80_50",20,50,0
"1035",135,4,"fep",FALSE,"80_50",20,50,0
"1036",136,4,"toma",TRUE,"80_50",20,50,0.5
"1037",136,1,"kreeb",TRUE,"80_50",20,50,0.5
"1038",136,4,"manu",TRUE,"80_50",20,50,0.5
"1039",136,1,"blicket",FALSE,"80_50",20,50,0.5
"1040",136,4,"gazzer",TRUE,"80_50",20,50,0.5
"1041",136,2,"kiv",TRUE,"80_50",20,50,0.5
"1042",136,2,"dax",TRUE,"80_50",20,50,0.5
"1043",136,1,"wug",FALSE,"80_50",20,50,0.5
"1044",136,2,"fep",TRUE,"80_50",20,50,0.5
"1045",137,2,"gazzer",TRUE,"80_50",20,50,0.5
"1046",137,2,"wug",TRUE,"80_50",20,50,0.5
"1047",137,4,"kiv",TRUE,"80_50",20,50,0.5
"1048",137,4,"blicket",TRUE,"80_50",20,50,0.5
"1049",137,1,"dax",TRUE,"80_50",20,50,0.5
"1050",137,4,"fep",TRUE,"80_50",20,50,0.5
"1051",137,2,"manu",FALSE,"80_50",20,50,0.5
"1052",137,1,"toma",TRUE,"80_50",20,50,0.5
"1053",137,1,"kreeb",FALSE,"80_50",20,50,0.5
"1054",138,1,"wug",FALSE,"100_30",0,70,0.5
"1055",138,4,"toma",TRUE,"100_30",0,70,0.5
"1056",138,1,"manu",FALSE,"100_30",0,70,0.5
"1057",138,2,"dax",FALSE,"100_30",0,70,0.5
"1058",138,4,"kiv",FALSE,"100_30",0,70,0.5
"1059",138,1,"gazzer",FALSE,"100_30",0,70,0.5
"1060",138,4,"kreeb",TRUE,"100_30",0,70,0.5
"1061",138,2,"fep",FALSE,"100_30",0,70,0.5
"1062",138,2,"blicket",TRUE,"100_30",0,70,0.5
"1063",139,2,"gazzer",TRUE,"100_30",0,70,0
"1064",139,4,"dax",TRUE,"100_30",0,70,0
"1065",139,1,"manu",TRUE,"100_30",0,70,0
"1066",139,2,"blicket",TRUE,"100_30",0,70,0
"1067",139,4,"fep",TRUE,"100_30",0,70,0
"1068",139,4,"kreeb",TRUE,"100_30",0,70,0
"1069",139,1,"toma",TRUE,"100_30",0,70,0
"1070",139,2,"wug",FALSE,"100_30",0,70,0
"1071",139,1,"kiv",FALSE,"100_30",0,70,0
"1072",142,2,"fep",TRUE,"100_30",0,70,0
"1073",142,2,"wug",TRUE,"100_30",0,70,0
"1074",142,1,"kiv",TRUE,"100_30",0,70,0
"1075",142,1,"toma",TRUE,"100_30",0,70,0
"1076",142,4,"kreeb",TRUE,"100_30",0,70,0
"1077",142,1,"gazzer",FALSE,"100_30",0,70,0
"1078",142,4,"dax",TRUE,"100_30",0,70,0
"1079",142,4,"blicket",TRUE,"100_30",0,70,0
"1080",142,2,"manu",FALSE,"100_30",0,70,0
"1081",143,2,"toma",TRUE,"100_30",0,70,0.5
"1082",143,4,"fep",TRUE,"100_30",0,70,0.5
"1083",143,1,"wug",FALSE,"100_30",0,70,0.5
"1084",143,1,"kiv",TRUE,"100_30",0,70,0.5
"1085",143,2,"dax",TRUE,"100_30",0,70,0.5
"1086",143,4,"gazzer",TRUE,"100_30",0,70,0.5
"1087",143,4,"kreeb",TRUE,"100_30",0,70,0.5
"1088",143,2,"manu",TRUE,"100_30",0,70,0.5
"1089",143,1,"blicket",FALSE,"100_30",0,70,0.5
"1090",145,1,"manu",TRUE,"80_50",20,50,0.5
"1091",145,1,"kreeb",FALSE,"80_50",20,50,0.5
"1092",145,4,"blicket",TRUE,"80_50",20,50,0.5
"1093",145,1,"dax",FALSE,"80_50",20,50,0.5
"1094",145,2,"gazzer",TRUE,"80_50",20,50,0.5
"1095",145,4,"fep",TRUE,"80_50",20,50,0.5
"1096",145,2,"toma",TRUE,"80_50",20,50,0.5
"1097",145,2,"wug",TRUE,"80_50",20,50,0.5
"1098",145,4,"kiv",TRUE,"80_50",20,50,0.5
"1099",146,1,"toma",FALSE,"100_30",0,70,0
"1100",146,2,"kiv",TRUE,"100_30",0,70,0
"1101",146,4,"manu",TRUE,"100_30",0,70,0
"1102",146,2,"wug",FALSE,"100_30",0,70,0
"1103",146,2,"gazzer",TRUE,"100_30",0,70,0
"1104",146,4,"blicket",TRUE,"100_30",0,70,0
"1105",146,1,"kreeb",FALSE,"100_30",0,70,0
"1106",146,1,"fep",FALSE,"100_30",0,70,0
"1107",146,4,"dax",TRUE,"100_30",0,70,0
"1108",147,2,"manu",TRUE,"80_50",20,50,0.5
"1109",147,2,"fep",TRUE,"80_50",20,50,0.5
"1110",147,1,"wug",TRUE,"80_50",20,50,0.5
"1111",147,1,"toma",TRUE,"80_50",20,50,0.5
"1112",147,1,"kreeb",TRUE,"80_50",20,50,0.5
"1113",147,4,"dax",TRUE,"80_50",20,50,0.5
"1114",147,4,"kiv",TRUE,"80_50",20,50,0.5
"1115",147,2,"blicket",TRUE,"80_50",20,50,0.5
"1116",147,4,"gazzer",TRUE,"80_50",20,50,0.5
"1117",148,2,"kreeb",TRUE,"100_30",0,70,2
"1118",148,4,"fep",TRUE,"100_30",0,70,2
"1119",148,1,"wug",FALSE,"100_30",0,70,2
"1120",148,1,"toma",TRUE,"100_30",0,70,2
"1121",148,2,"manu",TRUE,"100_30",0,70,2
"1122",148,2,"gazzer",TRUE,"100_30",0,70,2
"1123",148,4,"kiv",TRUE,"100_30",0,70,2
"1124",148,4,"dax",TRUE,"100_30",0,70,2
"1125",148,1,"blicket",FALSE,"100_30",0,70,2
"1126",150,2,"blicket",FALSE,"80_50",20,50,2
"1127",150,4,"fep",TRUE,"80_50",20,50,2
"1128",150,1,"wug",FALSE,"80_50",20,50,2
"1129",150,4,"kreeb",TRUE,"80_50",20,50,2
"1130",150,4,"dax",TRUE,"80_50",20,50,2
"1131",150,1,"gazzer",FALSE,"80_50",20,50,2
"1132",150,2,"toma",FALSE,"80_50",20,50,2
"1133",150,1,"manu",FALSE,"80_50",20,50,2
"1134",150,2,"kiv",FALSE,"80_50",20,50,2
"1135",152,1,"manu",FALSE,"100_30",0,70,0
"1136",152,1,"kreeb",FALSE,"100_30",0,70,0
"1137",152,1,"wug",FALSE,"100_30",0,70,0
"1138",152,4,"fep",TRUE,"100_30",0,70,0
"1139",152,2,"kiv",FALSE,"100_30",0,70,0
"1140",152,4,"toma",TRUE,"100_30",0,70,0
"1141",152,2,"gazzer",FALSE,"100_30",0,70,0
"1142",152,4,"blicket",TRUE,"100_30",0,70,0
"1143",152,2,"dax",TRUE,"100_30",0,70,0
"1144",153,1,"toma",FALSE,"100_30",0,70,2
"1145",153,2,"wug",FALSE,"100_30",0,70,2
"1146",153,1,"manu",FALSE,"100_30",0,70,2
"1147",153,2,"fep",FALSE,"100_30",0,70,2
"1148",153,4,"dax",TRUE,"100_30",0,70,2
"1149",153,1,"gazzer",FALSE,"100_30",0,70,2
"1150",153,4,"blicket",TRUE,"100_30",0,70,2
"1151",153,4,"kreeb",TRUE,"100_30",0,70,2
"1152",153,2,"kiv",FALSE,"100_30",0,70,2
"1153",154,1,"manu",TRUE,"100_30",0,70,2
"1154",154,2,"dax",TRUE,"100_30",0,70,2
"1155",154,4,"kreeb",TRUE,"100_30",0,70,2
"1156",154,4,"wug",TRUE,"100_30",0,70,2
"1157",154,2,"gazzer",FALSE,"100_30",0,70,2
"1158",154,4,"fep",TRUE,"100_30",0,70,2
"1159",154,1,"kiv",TRUE,"100_30",0,70,2
"1160",154,1,"blicket",TRUE,"100_30",0,70,2
"1161",154,2,"toma",TRUE,"100_30",0,70,2
"1162",155,1,"kiv",TRUE,"80_50",20,50,2
"1163",155,2,"manu",TRUE,"80_50",20,50,2
"1164",155,1,"dax",FALSE,"80_50",20,50,2
"1165",155,2,"wug",TRUE,"80_50",20,50,2
"1166",155,4,"kreeb",TRUE,"80_50",20,50,2
"1167",155,2,"fep",TRUE,"80_50",20,50,2
"1168",155,4,"blicket",TRUE,"80_50",20,50,2
"1169",155,4,"toma",TRUE,"80_50",20,50,2
"1170",155,1,"gazzer",TRUE,"80_50",20,50,2
"1171",156,1,"kreeb",FALSE,"100_30",0,70,0.5
"1172",156,2,"dax",TRUE,"100_30",0,70,0.5
"1173",156,4,"wug",TRUE,"100_30",0,70,0.5
"1174",156,4,"blicket",FALSE,"100_30",0,70,0.5
"1175",156,2,"fep",FALSE,"100_30",0,70,0.5
"1176",156,4,"toma",TRUE,"100_30",0,70,0.5
"1177",156,1,"manu",FALSE,"100_30",0,70,0.5
"1178",156,1,"kiv",FALSE,"100_30",0,70,0.5
"1179",156,2,"gazzer",TRUE,"100_30",0,70,0.5
"1180",158,1,"wug",FALSE,"80_50",20,50,0.5
"1181",158,4,"fep",TRUE,"80_50",20,50,0.5
"1182",158,1,"blicket",FALSE,"80_50",20,50,0.5
"1183",158,2,"kreeb",FALSE,"80_50",20,50,0.5
"1184",158,4,"dax",TRUE,"80_50",20,50,0.5
"1185",158,1,"kiv",FALSE,"80_50",20,50,0.5
"1186",158,2,"toma",TRUE,"80_50",20,50,0.5
"1187",158,4,"manu",TRUE,"80_50",20,50,0.5
"1188",158,2,"gazzer",FALSE,"80_50",20,50,0.5
"1189",159,2,"kreeb",TRUE,"100_30",0,70,0
"1190",159,2,"blicket",TRUE,"100_30",0,70,0
"1191",159,4,"toma",TRUE,"100_30",0,70,0
"1192",159,1,"fep",TRUE,"100_30",0,70,0
"1193",159,1,"dax",TRUE,"100_30",0,70,0
"1194",159,4,"gazzer",TRUE,"100_30",0,70,0
"1195",159,2,"wug",TRUE,"100_30",0,70,0
"1196",159,1,"manu",TRUE,"100_30",0,70,0
"1197",159,4,"kiv",TRUE,"100_30",0,70,0
"1198",160,2,"toma",TRUE,"100_30",0,70,0
"1199",160,2,"manu",TRUE,"100_30",0,70,0
"1200",160,1,"dax",TRUE,"100_30",0,70,0
"1201",160,4,"gazzer",TRUE,"100_30",0,70,0
"1202",160,4,"kiv",TRUE,"100_30",0,70,0
"1203",160,2,"blicket",FALSE,"100_30",0,70,0
"1204",160,1,"kreeb",FALSE,"100_30",0,70,0
"1205",160,1,"wug",TRUE,"100_30",0,70,0
"1206",160,4,"fep",TRUE,"100_30",0,70,0
"1207",161,4,"manu",TRUE,"100_30",0,70,0.5
"1208",161,4,"toma",TRUE,"100_30",0,70,0.5
"1209",161,1,"gazzer",TRUE,"100_30",0,70,0.5
"1210",161,2,"blicket",TRUE,"100_30",0,70,0.5
"1211",161,2,"fep",TRUE,"100_30",0,70,0.5
"1212",161,4,"kiv",TRUE,"100_30",0,70,0.5
"1213",161,1,"dax",TRUE,"100_30",0,70,0.5
"1214",161,1,"wug",TRUE,"100_30",0,70,0.5
"1215",161,2,"kreeb",TRUE,"100_30",0,70,0.5
"1216",162,2,"manu",TRUE,"80_50",20,50,0.5
"1217",162,4,"kiv",TRUE,"80_50",20,50,0.5
"1218",162,4,"blicket",TRUE,"80_50",20,50,0.5
"1219",162,4,"toma",TRUE,"80_50",20,50,0.5
"1220",162,1,"kreeb",FALSE,"80_50",20,50,0.5
"1221",162,2,"gazzer",TRUE,"80_50",20,50,0.5
"1222",162,1,"wug",FALSE,"80_50",20,50,0.5
"1223",162,1,"dax",FALSE,"80_50",20,50,0.5
"1224",162,2,"fep",TRUE,"80_50",20,50,0.5
"1225",163,2,"dax",TRUE,"80_50",20,50,0
"1226",163,2,"blicket",TRUE,"80_50",20,50,0
"1227",163,1,"fep",TRUE,"80_50",20,50,0
"1228",163,1,"manu",TRUE,"80_50",20,50,0
"1229",163,2,"kreeb",TRUE,"80_50",20,50,0
"1230",163,4,"gazzer",TRUE,"80_50",20,50,0
"1231",163,4,"wug",TRUE,"80_50",20,50,0
"1232",163,4,"kiv",TRUE,"80_50",20,50,0
"1233",163,1,"toma",TRUE,"80_50",20,50,0
"1234",164,2,"blicket",TRUE,"80_50",20,50,0.5
"1235",164,4,"kiv",FALSE,"80_50",20,50,0.5
"1236",164,4,"kreeb",FALSE,"80_50",20,50,0.5
"1237",164,4,"toma",TRUE,"80_50",20,50,0.5
"1238",164,2,"dax",FALSE,"80_50",20,50,0.5
"1239",164,1,"gazzer",FALSE,"80_50",20,50,0.5
"1240",164,1,"wug",FALSE,"80_50",20,50,0.5
"1241",164,2,"manu",TRUE,"80_50",20,50,0.5
"1242",164,1,"fep",FALSE,"80_50",20,50,0.5
"1243",165,1,"toma",FALSE,"80_50",20,50,0.5
"1244",165,2,"gazzer",FALSE,"80_50",20,50,0.5
"1245",165,1,"kreeb",TRUE,"80_50",20,50,0.5
"1246",165,2,"dax",TRUE,"80_50",20,50,0.5
"1247",165,4,"kiv",TRUE,"80_50",20,50,0.5
"1248",165,4,"manu",TRUE,"80_50",20,50,0.5
"1249",165,2,"fep",FALSE,"80_50",20,50,0.5
"1250",165,1,"blicket",FALSE,"80_50",20,50,0.5
"1251",165,4,"wug",TRUE,"80_50",20,50,0.5
"1252",166,1,"kreeb",FALSE,"100_30",0,70,2
"1253",166,1,"kiv",TRUE,"100_30",0,70,2
"1254",166,1,"manu",TRUE,"100_30",0,70,2
"1255",166,4,"gazzer",TRUE,"100_30",0,70,2
"1256",166,2,"wug",TRUE,"100_30",0,70,2
"1257",166,4,"dax",TRUE,"100_30",0,70,2
"1258",166,4,"blicket",TRUE,"100_30",0,70,2
"1259",166,2,"fep",FALSE,"100_30",0,70,2
"1260",166,2,"toma",TRUE,"100_30",0,70,2
"1261",167,4,"fep",TRUE,"80_50",20,50,2
"1262",167,1,"kreeb",FALSE,"80_50",20,50,2
"1263",167,2,"dax",TRUE,"80_50",20,50,2
"1264",167,4,"gazzer",TRUE,"80_50",20,50,2
"1265",167,2,"toma",TRUE,"80_50",20,50,2
"1266",167,1,"blicket",FALSE,"80_50",20,50,2
"1267",167,1,"kiv",FALSE,"80_50",20,50,2
"1268",167,2,"manu",TRUE,"80_50",20,50,2
"1269",167,4,"wug",FALSE,"80_50",20,50,2
"1270",169,4,"dax",TRUE,"100_30",0,70,0.5
"1271",169,4,"toma",TRUE,"100_30",0,70,0.5
"1272",169,1,"gazzer",TRUE,"100_30",0,70,0.5
"1273",169,1,"kreeb",TRUE,"100_30",0,70,0.5
"1274",169,1,"wug",TRUE,"100_30",0,70,0.5
"1275",169,4,"kiv",TRUE,"100_30",0,70,0.5
"1276",169,2,"manu",TRUE,"100_30",0,70,0.5
"1277",169,2,"fep",TRUE,"100_30",0,70,0.5
"1278",169,2,"blicket",TRUE,"100_30",0,70,0.5
"1279",170,4,"fep",TRUE,"100_30",0,70,0
"1280",170,4,"toma",TRUE,"100_30",0,70,0
"1281",170,2,"dax",FALSE,"100_30",0,70,0
"1282",170,2,"kiv",TRUE,"100_30",0,70,0
"1283",170,1,"wug",FALSE,"100_30",0,70,0
"1284",170,4,"manu",TRUE,"100_30",0,70,0
"1285",170,2,"gazzer",FALSE,"100_30",0,70,0
"1286",170,1,"blicket",FALSE,"100_30",0,70,0
"1287",170,1,"kreeb",FALSE,"100_30",0,70,0
"1288",173,4,"fep",TRUE,"100_30",0,70,2
"1289",173,2,"kreeb",TRUE,"100_30",0,70,2
"1290",173,4,"manu",TRUE,"100_30",0,70,2
"1291",173,4,"gazzer",TRUE,"100_30",0,70,2
"1292",173,2,"blicket",TRUE,"100_30",0,70,2
"1293",173,1,"kiv",TRUE,"100_30",0,70,2
"1294",173,2,"toma",TRUE,"100_30",0,70,2
"1295",173,1,"dax",TRUE,"100_30",0,70,2
"1296",173,1,"wug",TRUE,"100_30",0,70,2
"1297",174,1,"kiv",TRUE,"80_50",20,50,2
"1298",174,4,"manu",TRUE,"80_50",20,50,2
"1299",174,4,"fep",TRUE,"80_50",20,50,2
"1300",174,2,"kreeb",TRUE,"80_50",20,50,2
"1301",174,1,"gazzer",TRUE,"80_50",20,50,2
"1302",174,4,"dax",TRUE,"80_50",20,50,2
"1303",174,2,"blicket",TRUE,"80_50",20,50,2
"1304",174,1,"toma",TRUE,"80_50",20,50,2
"1305",174,2,"wug",FALSE,"80_50",20,50,2
"1306",175,4,"toma",TRUE,"100_30",0,70,2
"1307",175,4,"gazzer",TRUE,"100_30",0,70,2
"1308",175,2,"wug",TRUE,"100_30",0,70,2
"1309",175,1,"dax",TRUE,"100_30",0,70,2
"1310",175,2,"blicket",TRUE,"100_30",0,70,2
"1311",175,1,"manu",TRUE,"100_30",0,70,2
"1312",175,1,"kiv",FALSE,"100_30",0,70,2
"1313",175,2,"kreeb",TRUE,"100_30",0,70,2
"1314",175,4,"fep",TRUE,"100_30",0,70,2
"1315",176,1,"toma",TRUE,"100_30",0,70,0
"1316",176,2,"kreeb",TRUE,"100_30",0,70,0
"1317",176,4,"kiv",TRUE,"100_30",0,70,0
"1318",176,4,"wug",TRUE,"100_30",0,70,0
"1319",176,1,"manu",TRUE,"100_30",0,70,0
"1320",176,2,"blicket",TRUE,"100_30",0,70,0
"1321",176,2,"fep",TRUE,"100_30",0,70,0
"1322",176,1,"dax",TRUE,"100_30",0,70,0
"1323",176,4,"gazzer",TRUE,"100_30",0,70,0
"1324",178,1,"kiv",FALSE,"100_30",0,70,2
"1325",178,2,"gazzer",TRUE,"100_30",0,70,2
"1326",178,4,"manu",FALSE,"100_30",0,70,2
"1327",178,1,"kreeb",FALSE,"100_30",0,70,2
"1328",178,2,"dax",TRUE,"100_30",0,70,2
"1329",178,4,"toma",TRUE,"100_30",0,70,2
"1330",178,1,"wug",FALSE,"100_30",0,70,2
"1331",178,4,"fep",TRUE,"100_30",0,70,2
"1332",178,2,"blicket",TRUE,"100_30",0,70,2
"1333",179,1,"manu",TRUE,"80_50",20,50,0.5
"1334",179,4,"blicket",TRUE,"80_50",20,50,0.5
"1335",179,2,"wug",TRUE,"80_50",20,50,0.5
"1336",179,1,"toma",TRUE,"80_50",20,50,0.5
"1337",179,1,"fep",TRUE,"80_50",20,50,0.5
"1338",179,2,"gazzer",TRUE,"80_50",20,50,0.5
"1339",179,4,"kreeb",TRUE,"80_50",20,50,0.5
"1340",179,2,"dax",TRUE,"80_50",20,50,0.5
"1341",179,4,"kiv",TRUE,"80_50",20,50,0.5
"1342",180,2,"fep",FALSE,"80_50",20,50,0
"1343",180,2,"wug",TRUE,"80_50",20,50,0
"1344",180,1,"kiv",FALSE,"80_50",20,50,0
"1345",180,4,"toma",TRUE,"80_50",20,50,0
"1346",180,4,"kreeb",FALSE,"80_50",20,50,0
"1347",180,1,"blicket",FALSE,"80_50",20,50,0
"1348",180,2,"dax",FALSE,"80_50",20,50,0
"1349",180,4,"gazzer",FALSE,"80_50",20,50,0
"1350",180,1,"manu",FALSE,"80_50",20,50,0
"1351",181,2,"kreeb",TRUE,"100_30",0,70,2
"1352",181,1,"dax",FALSE,"100_30",0,70,2
"1353",181,2,"toma",TRUE,"100_30",0,70,2
"1354",181,1,"wug",TRUE,"100_30",0,70,2
"1355",181,4,"gazzer",TRUE,"100_30",0,70,2
"1356",181,1,"blicket",TRUE,"100_30",0,70,2
"1357",181,2,"manu",TRUE,"100_30",0,70,2
"1358",181,4,"fep",TRUE,"100_30",0,70,2
"1359",181,4,"kiv",TRUE,"100_30",0,70,2
"1360",182,2,"wug",TRUE,"100_30",0,70,2
"1361",182,1,"kreeb",TRUE,"100_30",0,70,2
"1362",182,4,"kiv",TRUE,"100_30",0,70,2
"1363",182,2,"dax",TRUE,"100_30",0,70,2
"1364",182,2,"gazzer",TRUE,"100_30",0,70,2
"1365",182,4,"manu",TRUE,"100_30",0,70,2
"1366",182,1,"fep",TRUE,"100_30",0,70,2
"1367",182,1,"toma",TRUE,"100_30",0,70,2
"1368",182,4,"blicket",TRUE,"100_30",0,70,2
"1369",183,2,"gazzer",TRUE,"80_50",20,50,2
"1370",183,4,"dax",TRUE,"80_50",20,50,2
"1371",183,4,"blicket",TRUE,"80_50",20,50,2
"1372",183,4,"manu",TRUE,"80_50",20,50,2
"1373",183,2,"fep",TRUE,"80_50",20,50,2
"1374",183,1,"toma",FALSE,"80_50",20,50,2
"1375",183,1,"wug",FALSE,"80_50",20,50,2
"1376",183,1,"kreeb",TRUE,"80_50",20,50,2
"1377",183,2,"kiv",TRUE,"80_50",20,50,2
"1378",184,4,"gazzer",TRUE,"80_50",20,50,2
"1379",184,4,"wug",TRUE,"80_50",20,50,2
"1380",184,1,"kreeb",TRUE,"80_50",20,50,2
"1381",184,2,"blicket",FALSE,"80_50",20,50,2
"1382",184,4,"kiv",TRUE,"80_50",20,50,2
"1383",184,1,"manu",TRUE,"80_50",20,50,2
"1384",184,2,"dax",FALSE,"80_50",20,50,2
"1385",184,1,"fep",TRUE,"80_50",20,50,2
"1386",184,2,"toma",TRUE,"80_50",20,50,2
"1387",185,2,"blicket",TRUE,"80_50",20,50,2
"1388",185,4,"dax",TRUE,"80_50",20,50,2
"1389",185,1,"kreeb",TRUE,"80_50",20,50,2
"1390",185,4,"manu",TRUE,"80_50",20,50,2
"1391",185,1,"gazzer",FALSE,"80_50",20,50,2
"1392",185,1,"wug",TRUE,"80_50",20,50,2
"1393",185,4,"toma",TRUE,"80_50",20,50,2
"1394",185,2,"fep",FALSE,"80_50",20,50,2
"1395",185,2,"kiv",TRUE,"80_50",20,50,2
"1396",186,2,"toma",TRUE,"100_30",0,70,0
"1397",186,4,"dax",TRUE,"100_30",0,70,0
"1398",186,2,"gazzer",TRUE,"100_30",0,70,0
"1399",186,4,"blicket",TRUE,"100_30",0,70,0
"1400",186,1,"kreeb",TRUE,"100_30",0,70,0
"1401",186,2,"wug",TRUE,"100_30",0,70,0
"1402",186,1,"kiv",TRUE,"100_30",0,70,0
"1403",186,4,"manu",TRUE,"100_30",0,70,0
"1404",186,1,"fep",TRUE,"100_30",0,70,0
"1405",188,2,"kiv",TRUE,"100_30",0,70,2
"1406",188,4,"dax",TRUE,"100_30",0,70,2
"1407",188,4,"wug",TRUE,"100_30",0,70,2
"1408",188,1,"kreeb",TRUE,"100_30",0,70,2
"1409",188,2,"gazzer",TRUE,"100_30",0,70,2
"1410",188,4,"manu",TRUE,"100_30",0,70,2
"1411",188,2,"toma",FALSE,"100_30",0,70,2
"1412",188,1,"blicket",FALSE,"100_30",0,70,2
"1413",188,1,"fep",FALSE,"100_30",0,70,2
"1414",189,1,"manu",FALSE,"80_50",20,50,0
"1415",189,1,"kiv",TRUE,"80_50",20,50,0
"1416",189,4,"blicket",TRUE,"80_50",20,50,0
"1417",189,4,"gazzer",TRUE,"80_50",20,50,0
"1418",189,2,"fep",TRUE,"80_50",20,50,0
"1419",189,1,"kreeb",FALSE,"80_50",20,50,0
"1420",189,2,"toma",TRUE,"80_50",20,50,0
"1421",189,4,"wug",TRUE,"80_50",20,50,0
"1422",189,2,"dax",TRUE,"80_50",20,50,0
"1423",190,1,"fep",TRUE,"100_30",0,70,0.5
"1424",190,2,"gazzer",TRUE,"100_30",0,70,0.5
"1425",190,4,"blicket",TRUE,"100_30",0,70,0.5
"1426",190,1,"kiv",FALSE,"100_30",0,70,0.5
"1427",190,2,"dax",TRUE,"100_30",0,70,0.5
"1428",190,2,"manu",TRUE,"100_30",0,70,0.5
"1429",190,4,"wug",TRUE,"100_30",0,70,0.5
"1430",190,4,"toma",TRUE,"100_30",0,70,0.5
"1431",190,1,"kreeb",FALSE,"100_30",0,70,0.5
"1432",191,4,"wug",TRUE,"80_50",20,50,2
"1433",191,1,"manu",FALSE,"80_50",20,50,2
"1434",191,2,"toma",TRUE,"80_50",20,50,2
"1435",191,1,"fep",FALSE,"80_50",20,50,2
"1436",191,4,"kiv",TRUE,"80_50",20,50,2
"1437",191,2,"kreeb",FALSE,"80_50",20,50,2
"1438",191,1,"gazzer",TRUE,"80_50",20,50,2
"1439",191,2,"blicket",TRUE,"80_50",20,50,2
"1440",191,4,"dax",TRUE,"80_50",20,50,2
"1441",192,4,"fep",TRUE,"80_50",20,50,2
"1442",192,4,"toma",TRUE,"80_50",20,50,2
"1443",192,1,"manu",FALSE,"80_50",20,50,2
"1444",192,2,"dax",TRUE,"80_50",20,50,2
"1445",192,1,"gazzer",FALSE,"80_50",20,50,2
"1446",192,4,"wug",TRUE,"80_50",20,50,2
"1447",192,1,"blicket",FALSE,"80_50",20,50,2
"1448",192,2,"kiv",FALSE,"80_50",20,50,2
"1449",192,2,"kreeb",TRUE,"80_50",20,50,2
"1450",193,4,"blicket",TRUE,"80_50",20,50,2
"1451",193,2,"gazzer",TRUE,"80_50",20,50,2
"1452",193,2,"dax",TRUE,"80_50",20,50,2
"1453",193,1,"kiv",TRUE,"80_50",20,50,2
"1454",193,4,"manu",TRUE,"80_50",20,50,2
"1455",193,2,"toma",TRUE,"80_50",20,50,2
"1456",193,4,"wug",TRUE,"80_50",20,50,2
"1457",193,1,"kreeb",TRUE,"80_50",20,50,2
"1458",193,1,"fep",TRUE,"80_50",20,50,2
"1459",194,4,"gazzer",TRUE,"100_30",0,70,0.5
"1460",194,1,"manu",TRUE,"100_30",0,70,0.5
"1461",194,1,"fep",TRUE,"100_30",0,70,0.5
"1462",194,4,"dax",FALSE,"100_30",0,70,0.5
"1463",194,4,"toma",TRUE,"100_30",0,70,0.5
"1464",194,2,"kreeb",TRUE,"100_30",0,70,0.5
"1465",194,2,"kiv",FALSE,"100_30",0,70,0.5
"1466",194,2,"blicket",TRUE,"100_30",0,70,0.5
"1467",194,1,"wug",TRUE,"100_30",0,70,0.5
"1468",195,2,"toma",TRUE,"80_50",20,50,0
"1469",195,4,"wug",TRUE,"80_50",20,50,0
"1470",195,1,"fep",TRUE,"80_50",20,50,0
"1471",195,2,"kiv",TRUE,"80_50",20,50,0
"1472",195,1,"kreeb",TRUE,"80_50",20,50,0
"1473",195,1,"manu",TRUE,"80_50",20,50,0
"1474",195,2,"blicket",TRUE,"80_50",20,50,0
"1475",195,4,"dax",TRUE,"80_50",20,50,0
"1476",195,4,"gazzer",TRUE,"80_50",20,50,0
"1477",196,2,"dax",TRUE,"100_30",0,70,0.5
"1478",196,4,"kreeb",TRUE,"100_30",0,70,0.5
"1479",196,2,"gazzer",TRUE,"100_30",0,70,0.5
"1480",196,1,"toma",FALSE,"100_30",0,70,0.5
"1481",196,2,"wug",TRUE,"100_30",0,70,0.5
"1482",196,1,"manu",TRUE,"100_30",0,70,0.5
"1483",196,1,"blicket",FALSE,"100_30",0,70,0.5
"1484",196,4,"kiv",TRUE,"100_30",0,70,0.5
"1485",196,4,"fep",TRUE,"100_30",0,70,0.5
"1486",197,2,"dax",TRUE,"100_30",0,70,0
"1487",197,2,"kiv",TRUE,"100_30",0,70,0
"1488",197,1,"gazzer",TRUE,"100_30",0,70,0
"1489",197,4,"wug",TRUE,"100_30",0,70,0
"1490",197,1,"kreeb",FALSE,"100_30",0,70,0
"1491",197,4,"blicket",TRUE,"100_30",0,70,0
"1492",197,4,"toma",TRUE,"100_30",0,70,0
"1493",197,2,"manu",TRUE,"100_30",0,70,0
"1494",197,1,"fep",FALSE,"100_30",0,70,0
"1495",198,1,"kreeb",TRUE,"100_30",0,70,0
"1496",198,2,"kiv",TRUE,"100_30",0,70,0
"1497",198,1,"dax",TRUE,"100_30",0,70,0
"1498",198,4,"fep",TRUE,"100_30",0,70,0
"1499",198,2,"wug",TRUE,"100_30",0,70,0
"1500",198,4,"gazzer",TRUE,"100_30",0,70,0
"1501",198,2,"blicket",TRUE,"100_30",0,70,0
"1502",198,4,"toma",TRUE,"100_30",0,70,0
"1503",198,1,"manu",TRUE,"100_30",0,70,0
"1504",199,4,"gazzer",TRUE,"80_50",20,50,2
"1505",199,1,"kreeb",FALSE,"80_50",20,50,2
"1506",199,2,"toma",TRUE,"80_50",20,50,2
"1507",199,4,"dax",TRUE,"80_50",20,50,2
"1508",199,1,"kiv",FALSE,"80_50",20,50,2
"1509",199,4,"manu",TRUE,"80_50",20,50,2
"1510",199,1,"blicket",FALSE,"80_50",20,50,2
"1511",199,2,"fep",FALSE,"80_50",20,50,2
"1512",199,2,"wug",FALSE,"80_50",20,50,2
"1513",200,4,"fep",TRUE,"80_50",20,50,0.5
"1514",200,4,"blicket",FALSE,"80_50",20,50,0.5
"1515",200,1,"kiv",TRUE,"80_50",20,50,0.5
"1516",200,1,"manu",TRUE,"80_50",20,50,0.5
"1517",200,4,"gazzer",TRUE,"80_50",20,50,0.5
"1518",200,2,"dax",TRUE,"80_50",20,50,0.5
"1519",200,2,"wug",TRUE,"80_50",20,50,0.5
"1520",200,1,"toma",FALSE,"80_50",20,50,0.5
"1521",200,2,"kreeb",TRUE,"80_50",20,50,0.5
"1522",201,4,"wug",TRUE,"80_50",20,50,0.5
"1523",201,2,"gazzer",TRUE,"80_50",20,50,0.5
"1524",201,1,"kiv",TRUE,"80_50",20,50,0.5
"1525",201,1,"blicket",TRUE,"80_50",20,50,0.5
"1526",201,1,"fep",TRUE,"80_50",20,50,0.5
"1527",201,4,"dax",TRUE,"80_50",20,50,0.5
"1528",201,2,"toma",TRUE,"80_50",20,50,0.5
"1529",201,2,"manu",TRUE,"80_50",20,50,0.5
"1530",201,4,"kreeb",TRUE,"80_50",20,50,0.5
"1531",202,2,"toma",FALSE,"100_30",0,70,2
"1532",202,1,"manu",FALSE,"100_30",0,70,2
"1533",202,4,"wug",TRUE,"100_30",0,70,2
"1534",202,4,"gazzer",TRUE,"100_30",0,70,2
"1535",202,2,"kreeb",FALSE,"100_30",0,70,2
"1536",202,2,"fep",FALSE,"100_30",0,70,2
"1537",202,1,"blicket",FALSE,"100_30",0,70,2
"1538",202,1,"dax",FALSE,"100_30",0,70,2
"1539",202,4,"kiv",TRUE,"100_30",0,70,2
"1540",203,1,"wug",FALSE,"80_50",20,50,0.5
"1541",203,4,"blicket",TRUE,"80_50",20,50,0.5
"1542",203,2,"fep",TRUE,"80_50",20,50,0.5
"1543",203,4,"gazzer",TRUE,"80_50",20,50,0.5
"1544",203,4,"kreeb",TRUE,"80_50",20,50,0.5
"1545",203,2,"kiv",TRUE,"80_50",20,50,0.5
"1546",203,1,"manu",FALSE,"80_50",20,50,0.5
"1547",203,1,"dax",FALSE,"80_50",20,50,0.5
"1548",203,2,"toma",TRUE,"80_50",20,50,0.5
"1549",204,1,"blicket",FALSE,"100_30",0,70,0
"1550",204,4,"kiv",TRUE,"100_30",0,70,0
"1551",204,4,"gazzer",FALSE,"100_30",0,70,0
"1552",204,1,"wug",TRUE,"100_30",0,70,0
"1553",204,4,"dax",TRUE,"100_30",0,70,0
"1554",204,2,"fep",TRUE,"100_30",0,70,0
"1555",204,2,"kreeb",TRUE,"100_30",0,70,0
"1556",204,1,"manu",TRUE,"100_30",0,70,0
"1557",204,2,"toma",FALSE,"100_30",0,70,0
"1558",205,1,"manu",TRUE,"100_30",0,70,0.5
"1559",205,2,"fep",TRUE,"100_30",0,70,0.5
"1560",205,1,"kreeb",TRUE,"100_30",0,70,0.5
"1561",205,4,"gazzer",TRUE,"100_30",0,70,0.5
"1562",205,2,"kiv",TRUE,"100_30",0,70,0.5
"1563",205,4,"toma",TRUE,"100_30",0,70,0.5
"1564",205,2,"blicket",TRUE,"100_30",0,70,0.5
"1565",205,4,"dax",TRUE,"100_30",0,70,0.5
"1566",205,1,"wug",FALSE,"100_30",0,70,0.5
"1567",206,1,"kreeb",TRUE,"80_50",20,50,0
"1568",206,4,"wug",TRUE,"80_50",20,50,0
"1569",206,1,"toma",TRUE,"80_50",20,50,0
"1570",206,2,"gazzer",FALSE,"80_50",20,50,0
"1571",206,2,"kiv",TRUE,"80_50",20,50,0
"1572",206,2,"manu",TRUE,"80_50",20,50,0
"1573",206,4,"fep",FALSE,"80_50",20,50,0
"1574",206,4,"dax",TRUE,"80_50",20,50,0
"1575",206,1,"blicket",TRUE,"80_50",20,50,0
"1576",207,2,"fep",TRUE,"100_30",0,70,0.5
"1577",207,1,"toma",FALSE,"100_30",0,70,0.5
"1578",207,1,"dax",TRUE,"100_30",0,70,0.5
"1579",207,4,"manu",TRUE,"100_30",0,70,0.5
"1580",207,4,"gazzer",TRUE,"100_30",0,70,0.5
"1581",207,1,"blicket",TRUE,"100_30",0,70,0.5
"1582",207,4,"kreeb",TRUE,"100_30",0,70,0.5
"1583",207,2,"wug",TRUE,"100_30",0,70,0.5
"1584",207,2,"kiv",TRUE,"100_30",0,70,0.5
"1585",208,1,"dax",FALSE,"80_50",20,50,0
"1586",208,2,"gazzer",FALSE,"80_50",20,50,0
"1587",208,4,"kiv",TRUE,"80_50",20,50,0
"1588",208,1,"manu",FALSE,"80_50",20,50,0
"1589",208,4,"kreeb",FALSE,"80_50",20,50,0
"1590",208,4,"fep",FALSE,"80_50",20,50,0
"1591",208,2,"toma",FALSE,"80_50",20,50,0
"1592",208,2,"blicket",FALSE,"80_50",20,50,0
"1593",208,1,"wug",FALSE,"80_50",20,50,0
"1594",209,4,"kiv",TRUE,"80_50",20,50,0.5
"1595",209,1,"manu",FALSE,"80_50",20,50,0.5
"1596",209,1,"fep",FALSE,"80_50",20,50,0.5
"1597",209,4,"wug",FALSE,"80_50",20,50,0.5
"1598",209,2,"gazzer",TRUE,"80_50",20,50,0.5
"1599",209,4,"dax",TRUE,"80_50",20,50,0.5
"1600",209,2,"blicket",FALSE,"80_50",20,50,0.5
"1601",209,2,"kreeb",FALSE,"80_50",20,50,0.5
"1602",209,1,"toma",FALSE,"80_50",20,50,0.5
"1603",210,1,"fep",FALSE,"100_30",0,70,2
"1604",210,2,"blicket",TRUE,"100_30",0,70,2
"1605",210,2,"toma",TRUE,"100_30",0,70,2
"1606",210,2,"gazzer",TRUE,"100_30",0,70,2
"1607",210,4,"dax",TRUE,"100_30",0,70,2
"1608",210,1,"kiv",TRUE,"100_30",0,70,2
"1609",210,4,"wug",TRUE,"100_30",0,70,2
"1610",210,1,"kreeb",FALSE,"100_30",0,70,2
"1611",210,4,"manu",TRUE,"100_30",0,70,2
"1612",212,2,"kreeb",TRUE,"100_30",0,70,0.5
"1613",212,1,"gazzer",FALSE,"100_30",0,70,0.5
"1614",212,2,"dax",TRUE,"100_30",0,70,0.5
"1615",212,4,"wug",TRUE,"100_30",0,70,0.5
"1616",212,1,"manu",FALSE,"100_30",0,70,0.5
"1617",212,4,"blicket",TRUE,"100_30",0,70,0.5
"1618",212,2,"fep",TRUE,"100_30",0,70,0.5
"1619",212,1,"toma",FALSE,"100_30",0,70,0.5
"1620",212,4,"kiv",TRUE,"100_30",0,70,0.5
"1621",213,4,"gazzer",TRUE,"100_30",0,70,0
"1622",213,4,"dax",TRUE,"100_30",0,70,0
"1623",213,2,"kiv",TRUE,"100_30",0,70,0
"1624",213,1,"toma",TRUE,"100_30",0,70,0
"1625",213,4,"blicket",TRUE,"100_30",0,70,0
"1626",213,1,"kreeb",FALSE,"100_30",0,70,0
"1627",213,1,"fep",FALSE,"100_30",0,70,0
"1628",213,2,"wug",TRUE,"100_30",0,70,0
"1629",213,2,"manu",TRUE,"100_30",0,70,0
"1630",214,4,"fep",TRUE,"80_50",20,50,0
"1631",214,1,"gazzer",TRUE,"80_50",20,50,0
"1632",214,4,"wug",TRUE,"80_50",20,50,0
"1633",214,2,"blicket",TRUE,"80_50",20,50,0
"1634",214,2,"kreeb",TRUE,"80_50",20,50,0
"1635",214,4,"toma",TRUE,"80_50",20,50,0
"1636",214,1,"dax",TRUE,"80_50",20,50,0
"1637",214,2,"kiv",TRUE,"80_50",20,50,0
"1638",214,1,"manu",TRUE,"80_50",20,50,0
"1639",215,2,"dax",TRUE,"100_30",0,70,0.5
"1640",215,1,"gazzer",TRUE,"100_30",0,70,0.5
"1641",215,2,"manu",TRUE,"100_30",0,70,0.5
"1642",215,2,"kiv",TRUE,"100_30",0,70,0.5
"1643",215,1,"blicket",TRUE,"100_30",0,70,0.5
"1644",215,1,"fep",TRUE,"100_30",0,70,0.5
"1645",215,4,"toma",TRUE,"100_30",0,70,0.5
"1646",215,4,"kreeb",TRUE,"100_30",0,70,0.5
"1647",215,4,"wug",TRUE,"100_30",0,70,0.5
"1648",217,2,"wug",TRUE,"80_50",20,50,0.5
"1649",217,2,"toma",TRUE,"80_50",20,50,0.5
"1650",217,1,"manu",TRUE,"80_50",20,50,0.5
"1651",217,4,"blicket",TRUE,"80_50",20,50,0.5
"1652",217,4,"gazzer",TRUE,"80_50",20,50,0.5
"1653",217,1,"dax",TRUE,"80_50",20,50,0.5
"1654",217,2,"kreeb",TRUE,"80_50",20,50,0.5
"1655",217,4,"kiv",TRUE,"80_50",20,50,0.5
"1656",217,1,"fep",TRUE,"80_50",20,50,0.5
"1657",219,1,"blicket",TRUE,"80_50",20,50,2
"1658",219,4,"wug",TRUE,"80_50",20,50,2
"1659",219,2,"toma",TRUE,"80_50",20,50,2
"1660",219,1,"manu",TRUE,"80_50",20,50,2
"1661",219,2,"fep",TRUE,"80_50",20,50,2
"1662",219,2,"kiv",FALSE,"80_50",20,50,2
"1663",219,1,"dax",FALSE,"80_50",20,50,2
"1664",219,4,"kreeb",FALSE,"80_50",20,50,2
"1665",219,4,"gazzer",FALSE,"80_50",20,50,2
"1666",221,1,"dax",TRUE,"80_50",20,50,0
"1667",221,2,"fep",TRUE,"80_50",20,50,0
"1668",221,2,"gazzer",TRUE,"80_50",20,50,0
"1669",221,4,"manu",TRUE,"80_50",20,50,0
"1670",221,1,"blicket",FALSE,"80_50",20,50,0
"1671",221,1,"wug",FALSE,"80_50",20,50,0
"1672",221,4,"toma",TRUE,"80_50",20,50,0
"1673",221,2,"kreeb",TRUE,"80_50",20,50,0
"1674",221,4,"kiv",TRUE,"80_50",20,50,0
"1675",222,1,"dax",TRUE,"80_50",20,50,0
"1676",222,2,"fep",TRUE,"80_50",20,50,0
"1677",222,4,"toma",TRUE,"80_50",20,50,0
"1678",222,2,"manu",TRUE,"80_50",20,50,0
"1679",222,4,"kiv",TRUE,"80_50",20,50,0
"1680",222,1,"blicket",TRUE,"80_50",20,50,0
"1681",222,2,"kreeb",TRUE,"80_50",20,50,0
"1682",222,4,"wug",TRUE,"80_50",20,50,0
"1683",222,1,"gazzer",FALSE,"80_50",20,50,0
"1684",223,4,"gazzer",TRUE,"80_50",20,50,0
"1685",223,4,"kiv",TRUE,"80_50",20,50,0
"1686",223,1,"dax",TRUE,"80_50",20,50,0
"1687",223,2,"toma",TRUE,"80_50",20,50,0
"1688",223,1,"kreeb",FALSE,"80_50",20,50,0
"1689",223,1,"manu",TRUE,"80_50",20,50,0
"1690",223,2,"fep",TRUE,"80_50",20,50,0
"1691",223,4,"wug",TRUE,"80_50",20,50,0
"1692",223,2,"blicket",TRUE,"80_50",20,50,0
"1693",224,1,"wug",TRUE,"100_30",0,70,2
"1694",224,4,"kreeb",TRUE,"100_30",0,70,2
"1695",224,2,"toma",TRUE,"100_30",0,70,2
"1696",224,2,"manu",TRUE,"100_30",0,70,2
"1697",224,1,"dax",TRUE,"100_30",0,70,2
"1698",224,2,"gazzer",TRUE,"100_30",0,70,2
"1699",224,4,"blicket",TRUE,"100_30",0,70,2
"1700",224,4,"kiv",TRUE,"100_30",0,70,2
"1701",224,1,"fep",TRUE,"100_30",0,70,2
"1702",225,4,"gazzer",TRUE,"80_50",20,50,0
"1703",225,2,"manu",TRUE,"80_50",20,50,0
"1704",225,2,"wug",TRUE,"80_50",20,50,0
"1705",225,4,"fep",TRUE,"80_50",20,50,0
"1706",225,2,"kreeb",TRUE,"80_50",20,50,0
"1707",225,1,"blicket",TRUE,"80_50",20,50,0
"1708",225,1,"kiv",TRUE,"80_50",20,50,0
"1709",225,4,"dax",TRUE,"80_50",20,50,0
"1710",225,1,"toma",TRUE,"80_50",20,50,0
"1711",226,4,"dax",TRUE,"100_30",0,70,2
"1712",226,1,"gazzer",FALSE,"100_30",0,70,2
"1713",226,4,"manu",TRUE,"100_30",0,70,2
"1714",226,2,"blicket",FALSE,"100_30",0,70,2
"1715",226,1,"kiv",FALSE,"100_30",0,70,2
"1716",226,2,"wug",TRUE,"100_30",0,70,2
"1717",226,4,"toma",TRUE,"100_30",0,70,2
"1718",226,2,"kreeb",FALSE,"100_30",0,70,2
"1719",226,1,"fep",FALSE,"100_30",0,70,2
"1720",227,1,"toma",TRUE,"100_30",0,70,0
"1721",227,2,"kreeb",TRUE,"100_30",0,70,0
"1722",227,4,"wug",TRUE,"100_30",0,70,0
"1723",227,4,"fep",TRUE,"100_30",0,70,0
"1724",227,4,"kiv",TRUE,"100_30",0,70,0
"1725",227,1,"blicket",TRUE,"100_30",0,70,0
"1726",227,2,"dax",TRUE,"100_30",0,70,0
"1727",227,1,"manu",TRUE,"100_30",0,70,0
"1728",227,2,"gazzer",TRUE,"100_30",0,70,0
"1729",228,1,"dax",TRUE,"100_30",0,70,0
"1730",228,2,"kiv",TRUE,"100_30",0,70,0
"1731",228,4,"toma",TRUE,"100_30",0,70,0
"1732",228,4,"blicket",TRUE,"100_30",0,70,0
"1733",228,2,"gazzer",TRUE,"100_30",0,70,0
"1734",228,1,"fep",TRUE,"100_30",0,70,0
"1735",228,2,"wug",TRUE,"100_30",0,70,0
"1736",228,1,"manu",TRUE,"100_30",0,70,0
"1737",228,4,"kreeb",TRUE,"100_30",0,70,0
"1738",231,4,"kiv",TRUE,"80_50",20,50,2
"1739",231,1,"toma",TRUE,"80_50",20,50,2
"1740",231,2,"gazzer",TRUE,"80_50",20,50,2
"1741",231,4,"manu",TRUE,"80_50",20,50,2
"1742",231,1,"dax",TRUE,"80_50",20,50,2
"1743",231,4,"kreeb",TRUE,"80_50",20,50,2
"1744",231,1,"fep",TRUE,"80_50",20,50,2
"1745",231,2,"wug",TRUE,"80_50",20,50,2
"1746",231,2,"blicket",TRUE,"80_50",20,50,2
"1747",232,4,"gazzer",TRUE,"80_50",20,50,2
"1748",232,4,"dax",TRUE,"80_50",20,50,2
"1749",232,1,"blicket",FALSE,"80_50",20,50,2
"1750",232,1,"manu",TRUE,"80_50",20,50,2
"1751",232,4,"kiv",TRUE,"80_50",20,50,2
"1752",232,1,"kreeb",TRUE,"80_50",20,50,2
"1753",232,2,"toma",TRUE,"80_50",20,50,2
"1754",232,2,"fep",TRUE,"80_50",20,50,2
"1755",232,2,"wug",TRUE,"80_50",20,50,2
"1756",233,4,"kreeb",TRUE,"80_50",20,50,0
"1757",233,2,"blicket",TRUE,"80_50",20,50,0
"1758",233,4,"manu",TRUE,"80_50",20,50,0
"1759",233,1,"toma",FALSE,"80_50",20,50,0
"1760",233,1,"fep",FALSE,"80_50",20,50,0
"1761",233,1,"dax",FALSE,"80_50",20,50,0
"1762",233,2,"kiv",TRUE,"80_50",20,50,0
"1763",233,4,"gazzer",TRUE,"80_50",20,50,0
"1764",233,2,"wug",FALSE,"80_50",20,50,0
"1765",235,1,"kreeb",FALSE,"80_50",20,50,0.5
"1766",235,1,"fep",FALSE,"80_50",20,50,0.5
"1767",235,4,"manu",TRUE,"80_50",20,50,0.5
"1768",235,4,"blicket",TRUE,"80_50",20,50,0.5
"1769",235,4,"dax",FALSE,"80_50",20,50,0.5
"1770",235,2,"wug",FALSE,"80_50",20,50,0.5
"1771",235,2,"gazzer",FALSE,"80_50",20,50,0.5
"1772",235,2,"kiv",FALSE,"80_50",20,50,0.5
"1773",235,1,"toma",FALSE,"80_50",20,50,0.5
"1774",237,2,"manu",TRUE,"100_30",0,70,0.5
"1775",237,2,"toma",TRUE,"100_30",0,70,0.5
"1776",237,1,"wug",TRUE,"100_30",0,70,0.5
"1777",237,2,"gazzer",TRUE,"100_30",0,70,0.5
"1778",237,1,"dax",FALSE,"100_30",0,70,0.5
"1779",237,1,"kiv",FALSE,"100_30",0,70,0.5
"1780",237,4,"kreeb",TRUE,"100_30",0,70,0.5
"1781",237,4,"fep",TRUE,"100_30",0,70,0.5
"1782",237,4,"blicket",TRUE,"100_30",0,70,0.5
"1783",238,1,"kiv",TRUE,"80_50",20,50,0.5
"1784",238,2,"manu",TRUE,"80_50",20,50,0.5
"1785",238,4,"blicket",TRUE,"80_50",20,50,0.5
"1786",238,4,"kreeb",TRUE,"80_50",20,50,0.5
"1787",238,2,"fep",TRUE,"80_50",20,50,0.5
"1788",238,1,"toma",TRUE,"80_50",20,50,0.5
"1789",238,1,"wug",TRUE,"80_50",20,50,0.5
"1790",238,4,"gazzer",TRUE,"80_50",20,50,0.5
"1791",238,2,"dax",TRUE,"80_50",20,50,0.5
"1792",239,4,"blicket",TRUE,"80_50",20,50,0
"1793",239,1,"dax",FALSE,"80_50",20,50,0
"1794",239,1,"manu",TRUE,"80_50",20,50,0
"1795",239,2,"toma",TRUE,"80_50",20,50,0
"1796",239,1,"kreeb",FALSE,"80_50",20,50,0
"1797",239,2,"wug",FALSE,"80_50",20,50,0
"1798",239,2,"gazzer",FALSE,"80_50",20,50,0
"1799",239,4,"kiv",TRUE,"80_50",20,50,0
"1800",239,4,"fep",TRUE,"80_50",20,50,0
"1801",240,1,"dax",TRUE,"100_30",0,70,0.5
"1802",240,4,"gazzer",TRUE,"100_30",0,70,0.5
"1803",240,2,"toma",TRUE,"100_30",0,70,0.5
"1804",240,4,"blicket",TRUE,"100_30",0,70,0.5
"1805",240,2,"kiv",TRUE,"100_30",0,70,0.5
"1806",240,4,"wug",TRUE,"100_30",0,70,0.5
"1807",240,1,"fep",TRUE,"100_30",0,70,0.5
"1808",240,1,"manu",TRUE,"100_30",0,70,0.5
"1809",240,2,"kreeb",TRUE,"100_30",0,70,0.5
