"","ldf_num","exposureRate","realLabel","targetObjectName","performance"
"1",1,4,"manu","2007-600.jpg",TRUE
"2",1,2,"toma","2009-600.jpg",TRUE
"3",1,2,"kreeb","2056-600.jpg",TRUE
"4",1,4,"kiv","2001-600.jpg",TRUE
"5",1,4,"wug","2023-600.jpg",TRUE
"6",1,2,"gazzer","2005-600.jpg",TRUE
"7",1,1,"fep","2025-600.jpg",TRUE
"8",1,1,"blicket","2006-600.jpg",FALSE
"9",1,1,"dax","2002-600.jpg",FALSE
"10",2,1,"gazzer","2005-600.jpg",TRUE
"11",2,4,"blicket","2009-600.jpg",TRUE
"12",2,2,"dax","2006-600.jpg",TRUE
"13",2,1,"manu","2002-600.jpg",TRUE
"14",2,2,"kreeb","2025-600.jpg",TRUE
"15",2,4,"toma","2007-600.jpg",TRUE
"16",2,2,"kiv","2001-600.jpg",FALSE
"17",2,1,"wug","2023-600.jpg",FALSE
"18",2,4,"fep","2056-600.jpg",TRUE
"19",3,1,"kreeb","2002-600.jpg",TRUE
"20",3,4,"blicket","2009-600.jpg",TRUE
"21",3,1,"fep","2006-600.jpg",TRUE
"22",3,2,"wug","2005-600.jpg",FALSE
"23",3,2,"gazzer","2056-600.jpg",FALSE
"24",3,2,"kiv","2023-600.jpg",TRUE
"25",3,4,"dax","2001-600.jpg",TRUE
"26",3,4,"manu","2007-600.jpg",TRUE
"27",3,1,"toma","2025-600.jpg",FALSE
"28",4,4,"toma","2009-600.jpg",TRUE
"29",4,4,"blicket","2002-600.jpg",TRUE
"30",4,4,"kiv","2056-600.jpg",TRUE
"31",4,2,"wug","2025-600.jpg",FALSE
"32",4,1,"dax","2007-600.jpg",FALSE
"33",4,2,"gazzer","2023-600.jpg",TRUE
"34",4,2,"manu","2006-600.jpg",FALSE
"35",4,1,"kreeb","2001-600.jpg",FALSE
"36",4,1,"fep","2005-600.jpg",TRUE
"37",7,1,"toma","2006-600.jpg",TRUE
"38",7,2,"wug","2005-600.jpg",TRUE
"39",7,1,"gazzer","2002-600.jpg",TRUE
"40",7,1,"fep","2056-600.jpg",FALSE
"41",7,4,"dax","2009-600.jpg",TRUE
"42",7,2,"manu","2007-600.jpg",FALSE
"43",7,2,"kiv","2025-600.jpg",TRUE
"44",7,4,"blicket","2023-600.jpg",TRUE
"45",7,4,"kreeb","2001-600.jpg",TRUE
"46",8,1,"dax","2006-600.jpg",TRUE
"47",8,2,"wug","2007-600.jpg",TRUE
"48",8,2,"manu","2002-600.jpg",TRUE
"49",8,4,"fep","2056-600.jpg",FALSE
"50",8,4,"toma","2025-600.jpg",TRUE
"51",8,1,"gazzer","2023-600.jpg",FALSE
"52",8,4,"blicket","2009-600.jpg",TRUE
"53",8,1,"kiv","2005-600.jpg",FALSE
"54",8,2,"kreeb","2001-600.jpg",TRUE
"55",9,1,"manu","2001-600.jpg",FALSE
"56",9,4,"kiv","2006-600.jpg",TRUE
"57",9,1,"wug","2023-600.jpg",TRUE
"58",9,1,"gazzer","2009-600.jpg",FALSE
"59",9,4,"kreeb","2002-600.jpg",TRUE
"60",9,2,"dax","2056-600.jpg",FALSE
"61",9,2,"fep","2005-600.jpg",TRUE
"62",9,4,"blicket","2025-600.jpg",TRUE
"63",9,2,"toma","2007-600.jpg",TRUE
"64",10,2,"fep","2007-600.jpg",TRUE
"65",10,2,"wug","2006-600.jpg",TRUE
"66",10,1,"gazzer","2005-600.jpg",FALSE
"67",10,4,"blicket","2025-600.jpg",TRUE
"68",10,4,"manu","2023-600.jpg",TRUE
"69",10,1,"toma","2002-600.jpg",TRUE
"70",10,4,"dax","2009-600.jpg",TRUE
"71",10,1,"kiv","2001-600.jpg",FALSE
"72",10,2,"kreeb","2056-600.jpg",TRUE
"73",11,1,"manu","2056-600.jpg",TRUE
"74",11,2,"gazzer","2002-600.jpg",TRUE
"75",11,1,"kiv","2025-600.jpg",TRUE
"76",11,4,"blicket","2001-600.jpg",TRUE
"77",11,2,"dax","2007-600.jpg",TRUE
"78",11,2,"toma","2023-600.jpg",TRUE
"79",11,4,"fep","2005-600.jpg",TRUE
"80",11,1,"kreeb","2009-600.jpg",TRUE
"81",11,4,"wug","2006-600.jpg",TRUE
"82",12,1,"kiv","2005-600.jpg",TRUE
"83",12,2,"blicket","2056-600.jpg",TRUE
"84",12,2,"kreeb","2009-600.jpg",FALSE
"85",12,2,"toma","2001-600.jpg",TRUE
"86",12,1,"wug","2002-600.jpg",TRUE
"87",12,4,"manu","2025-600.jpg",TRUE
"88",12,4,"fep","2006-600.jpg",TRUE
"89",12,4,"dax","2023-600.jpg",TRUE
"90",12,1,"gazzer","2007-600.jpg",FALSE
"91",13,4,"manu","2002-600.jpg",FALSE
"92",13,4,"toma","2023-600.jpg",TRUE
"93",13,1,"dax","2005-600.jpg",FALSE
"94",13,1,"fep","2009-600.jpg",FALSE
"95",13,2,"kiv","2056-600.jpg",FALSE
"96",13,2,"wug","2025-600.jpg",FALSE
"97",13,2,"blicket","2001-600.jpg",FALSE
"98",13,4,"kreeb","2007-600.jpg",FALSE
"99",13,1,"gazzer","2006-600.jpg",FALSE
"100",15,4,"wug","2023-600.jpg",TRUE
"101",15,1,"fep","2007-600.jpg",FALSE
"102",15,2,"kreeb","2005-600.jpg",TRUE
"103",15,4,"kiv","2002-600.jpg",TRUE
"104",15,1,"dax","2025-600.jpg",FALSE
"105",15,2,"blicket","2006-600.jpg",TRUE
"106",15,2,"gazzer","2001-600.jpg",FALSE
"107",15,1,"toma","2056-600.jpg",FALSE
"108",15,4,"manu","2009-600.jpg",TRUE
"109",16,1,"manu","2009-600.jpg",TRUE
"110",16,4,"kiv","2006-600.jpg",TRUE
"111",16,4,"gazzer","2023-600.jpg",TRUE
"112",16,1,"kreeb","2025-600.jpg",FALSE
"113",16,4,"toma","2002-600.jpg",TRUE
"114",16,1,"fep","2007-600.jpg",TRUE
"115",16,2,"wug","2005-600.jpg",TRUE
"116",16,2,"blicket","2001-600.jpg",TRUE
"117",16,2,"dax","2056-600.jpg",TRUE
"118",18,2,"kreeb","2002-600.jpg",FALSE
"119",18,1,"manu","2006-600.jpg",FALSE
"120",18,1,"toma","2056-600.jpg",TRUE
"121",18,2,"fep","2009-600.jpg",TRUE
"122",18,1,"kiv","2007-600.jpg",FALSE
"123",18,4,"wug","2005-600.jpg",TRUE
"124",18,2,"gazzer","2001-600.jpg",TRUE
"125",18,4,"blicket","2023-600.jpg",TRUE
"126",18,4,"dax","2025-600.jpg",TRUE
"127",19,4,"manu","2025-600.jpg",TRUE
"128",19,1,"kiv","2001-600.jpg",TRUE
"129",19,2,"kreeb","2023-600.jpg",FALSE
"130",19,4,"wug","2056-600.jpg",TRUE
"131",19,2,"toma","2005-600.jpg",TRUE
"132",19,1,"fep","2009-600.jpg",FALSE
"133",19,2,"dax","2007-600.jpg",TRUE
"134",19,1,"gazzer","2006-600.jpg",FALSE
"135",19,4,"blicket","2002-600.jpg",TRUE
"136",21,2,"toma","2023-600.jpg",FALSE
"137",21,4,"kiv","2002-600.jpg",TRUE
"138",21,1,"blicket","2006-600.jpg",TRUE
"139",21,1,"wug","2005-600.jpg",FALSE
"140",21,4,"manu","2001-600.jpg",TRUE
"141",21,2,"gazzer","2009-600.jpg",FALSE
"142",21,4,"kreeb","2007-600.jpg",TRUE
"143",21,2,"fep","2056-600.jpg",FALSE
"144",21,1,"dax","2025-600.jpg",TRUE
"145",22,2,"kiv","2056-600.jpg",TRUE
"146",22,4,"blicket","2025-600.jpg",TRUE
"147",22,2,"wug","2006-600.jpg",TRUE
"148",22,2,"dax","2005-600.jpg",TRUE
"149",22,4,"manu","2002-600.jpg",TRUE
"150",22,1,"fep","2023-600.jpg",TRUE
"151",22,1,"kreeb","2009-600.jpg",TRUE
"152",22,4,"toma","2001-600.jpg",TRUE
"153",22,1,"gazzer","2007-600.jpg",TRUE
"154",23,1,"wug","2007-600.jpg",TRUE
"155",23,1,"gazzer","2025-600.jpg",TRUE
"156",23,4,"blicket","2001-600.jpg",TRUE
"157",23,2,"fep","2056-600.jpg",TRUE
"158",23,2,"kreeb","2002-600.jpg",TRUE
"159",23,2,"manu","2023-600.jpg",TRUE
"160",23,1,"dax","2005-600.jpg",TRUE
"161",23,4,"toma","2006-600.jpg",TRUE
"162",23,4,"kiv","2009-600.jpg",TRUE
"163",25,1,"kiv","2023-600.jpg",TRUE
"164",25,2,"toma","2005-600.jpg",TRUE
"165",25,4,"manu","2007-600.jpg",TRUE
"166",25,2,"dax","2001-600.jpg",FALSE
"167",25,4,"blicket","2006-600.jpg",TRUE
"168",25,4,"wug","2009-600.jpg",TRUE
"169",25,1,"fep","2025-600.jpg",FALSE
"170",25,1,"gazzer","2002-600.jpg",FALSE
"171",25,2,"kreeb","2056-600.jpg",FALSE
"172",26,4,"manu","2025-600.jpg",TRUE
"173",26,1,"blicket","2009-600.jpg",TRUE
"174",26,1,"gazzer","2007-600.jpg",TRUE
"175",26,1,"wug","2005-600.jpg",FALSE
"176",26,2,"fep","2002-600.jpg",TRUE
"177",26,2,"kreeb","2023-600.jpg",FALSE
"178",26,4,"kiv","2006-600.jpg",TRUE
"179",26,4,"dax","2056-600.jpg",TRUE
"180",26,2,"toma","2001-600.jpg",TRUE
"181",27,4,"wug","2001-600.jpg",TRUE
"182",27,1,"kreeb","2005-600.jpg",FALSE
"183",27,1,"blicket","2007-600.jpg",FALSE
"184",27,1,"toma","2009-600.jpg",FALSE
"185",27,4,"gazzer","2023-600.jpg",TRUE
"186",27,2,"kiv","2006-600.jpg",TRUE
"187",27,2,"dax","2025-600.jpg",FALSE
"188",27,4,"manu","2056-600.jpg",TRUE
"189",27,2,"fep","2002-600.jpg",TRUE
"190",28,2,"manu","2005-600.jpg",TRUE
"191",28,4,"gazzer","2025-600.jpg",TRUE
"192",28,4,"kreeb","2001-600.jpg",TRUE
"193",28,4,"fep","2009-600.jpg",TRUE
"194",28,1,"wug","2002-600.jpg",FALSE
"195",28,1,"dax","2006-600.jpg",FALSE
"196",28,2,"toma","2007-600.jpg",TRUE
"197",28,2,"kiv","2056-600.jpg",FALSE
"198",28,1,"blicket","2023-600.jpg",FALSE
"199",29,4,"kreeb","2006-600.jpg",TRUE
"200",29,4,"gazzer","2025-600.jpg",TRUE
"201",29,1,"fep","2001-600.jpg",FALSE
"202",29,1,"blicket","2023-600.jpg",TRUE
"203",29,1,"dax","2009-600.jpg",FALSE
"204",29,2,"wug","2005-600.jpg",FALSE
"205",29,2,"kiv","2002-600.jpg",TRUE
"206",29,2,"manu","2056-600.jpg",FALSE
"207",29,4,"toma","2007-600.jpg",TRUE
"208",30,2,"dax","2056-600.jpg",TRUE
"209",30,1,"wug","2002-600.jpg",FALSE
"210",30,2,"kiv","2001-600.jpg",TRUE
"211",30,1,"gazzer","2009-600.jpg",FALSE
"212",30,4,"fep","2023-600.jpg",TRUE
"213",30,4,"manu","2007-600.jpg",TRUE
"214",30,1,"toma","2025-600.jpg",FALSE
"215",30,2,"kreeb","2006-600.jpg",TRUE
"216",30,4,"blicket","2005-600.jpg",TRUE
"217",31,4,"toma","2023-600.jpg",TRUE
"218",31,1,"wug","2006-600.jpg",FALSE
"219",31,4,"manu","2025-600.jpg",TRUE
"220",31,1,"blicket","2001-600.jpg",TRUE
"221",31,2,"gazzer","2005-600.jpg",FALSE
"222",31,2,"kiv","2002-600.jpg",TRUE
"223",31,2,"kreeb","2009-600.jpg",TRUE
"224",31,4,"dax","2056-600.jpg",TRUE
"225",31,1,"fep","2007-600.jpg",FALSE
"226",33,2,"kreeb","2002-600.jpg",TRUE
"227",33,2,"kiv","2001-600.jpg",TRUE
"228",33,1,"fep","2023-600.jpg",FALSE
"229",33,4,"dax","2007-600.jpg",TRUE
"230",33,4,"manu","2009-600.jpg",TRUE
"231",33,1,"wug","2025-600.jpg",FALSE
"232",33,4,"gazzer","2056-600.jpg",TRUE
"233",33,2,"blicket","2005-600.jpg",TRUE
"234",33,1,"toma","2006-600.jpg",FALSE
"235",34,4,"toma","2009-600.jpg",TRUE
"236",34,2,"manu","2002-600.jpg",TRUE
"237",34,4,"kreeb","2001-600.jpg",TRUE
"238",34,2,"kiv","2025-600.jpg",TRUE
"239",34,2,"wug","2006-600.jpg",TRUE
"240",34,1,"gazzer","2005-600.jpg",TRUE
"241",34,4,"fep","2056-600.jpg",TRUE
"242",34,1,"blicket","2007-600.jpg",TRUE
"243",34,1,"dax","2023-600.jpg",TRUE
"244",35,1,"toma","2002-600.jpg",FALSE
"245",35,2,"fep","2001-600.jpg",TRUE
"246",35,4,"wug","2007-600.jpg",TRUE
"247",35,1,"kreeb","2023-600.jpg",FALSE
"248",35,1,"manu","2056-600.jpg",FALSE
"249",35,4,"blicket","2006-600.jpg",TRUE
"250",35,2,"dax","2009-600.jpg",FALSE
"251",35,2,"kiv","2025-600.jpg",FALSE
"252",35,4,"gazzer","2005-600.jpg",TRUE
"253",36,1,"fep","2007-600.jpg",TRUE
"254",36,2,"toma","2025-600.jpg",TRUE
"255",36,4,"blicket","2023-600.jpg",TRUE
"256",36,1,"kreeb","2002-600.jpg",TRUE
"257",36,4,"dax","2009-600.jpg",TRUE
"258",36,2,"kiv","2005-600.jpg",TRUE
"259",36,2,"gazzer","2001-600.jpg",TRUE
"260",36,1,"wug","2006-600.jpg",TRUE
"261",36,4,"manu","2056-600.jpg",TRUE
"262",38,2,"manu","2002-600.jpg",TRUE
"263",38,4,"wug","2023-600.jpg",TRUE
"264",38,4,"kreeb","2005-600.jpg",TRUE
"265",38,2,"dax","2006-600.jpg",TRUE
"266",38,4,"toma","2009-600.jpg",TRUE
"267",38,1,"fep","2001-600.jpg",TRUE
"268",38,1,"kiv","2025-600.jpg",TRUE
"269",38,1,"gazzer","2007-600.jpg",FALSE
"270",38,2,"blicket","2056-600.jpg",TRUE
"271",39,4,"kreeb","2006-600.jpg",TRUE
"272",39,1,"gazzer","2005-600.jpg",TRUE
"273",39,1,"dax","2056-600.jpg",TRUE
"274",39,4,"blicket","2023-600.jpg",TRUE
"275",39,2,"fep","2007-600.jpg",TRUE
"276",39,4,"kiv","2009-600.jpg",TRUE
"277",39,2,"toma","2002-600.jpg",TRUE
"278",39,1,"wug","2001-600.jpg",TRUE
"279",39,2,"manu","2025-600.jpg",FALSE
"280",40,1,"kiv","2056-600.jpg",FALSE
"281",40,4,"manu","2025-600.jpg",TRUE
"282",40,1,"wug","2002-600.jpg",FALSE
"283",40,4,"dax","2006-600.jpg",TRUE
"284",40,2,"gazzer","2005-600.jpg",FALSE
"285",40,2,"kreeb","2023-600.jpg",TRUE
"286",40,4,"toma","2007-600.jpg",TRUE
"287",40,2,"fep","2009-600.jpg",TRUE
"288",40,1,"blicket","2001-600.jpg",FALSE
"289",41,2,"kiv","2006-600.jpg",TRUE
"290",41,1,"gazzer","2005-600.jpg",TRUE
"291",41,2,"dax","2001-600.jpg",TRUE
"292",41,4,"wug","2025-600.jpg",TRUE
"293",41,1,"kreeb","2023-600.jpg",TRUE
"294",41,1,"manu","2007-600.jpg",TRUE
"295",41,2,"fep","2009-600.jpg",TRUE
"296",41,4,"toma","2002-600.jpg",TRUE
"297",41,4,"blicket","2056-600.jpg",TRUE
"298",42,2,"wug","2056-600.jpg",FALSE
"299",42,1,"kiv","2009-600.jpg",FALSE
"300",42,2,"fep","2005-600.jpg",TRUE
"301",42,4,"toma","2006-600.jpg",TRUE
"302",42,4,"blicket","2002-600.jpg",TRUE
"303",42,1,"kreeb","2007-600.jpg",FALSE
"304",42,2,"gazzer","2001-600.jpg",FALSE
"305",42,1,"dax","2025-600.jpg",FALSE
"306",42,4,"manu","2023-600.jpg",TRUE
"307",44,4,"kiv","2023-600.jpg",TRUE
"308",44,2,"blicket","2056-600.jpg",TRUE
"309",44,1,"wug","2001-600.jpg",TRUE
"310",44,1,"gazzer","2007-600.jpg",TRUE
"311",44,2,"kreeb","2002-600.jpg",TRUE
"312",44,4,"fep","2006-600.jpg",TRUE
"313",44,4,"toma","2005-600.jpg",TRUE
"314",44,1,"dax","2025-600.jpg",TRUE
"315",44,2,"manu","2009-600.jpg",TRUE
"316",45,4,"blicket","2056-600.jpg",TRUE
"317",45,4,"toma","2005-600.jpg",TRUE
"318",45,2,"kreeb","2025-600.jpg",TRUE
"319",45,1,"dax","2009-600.jpg",FALSE
"320",45,2,"gazzer","2001-600.jpg",TRUE
"321",45,2,"fep","2002-600.jpg",FALSE
"322",45,1,"manu","2006-600.jpg",FALSE
"323",45,4,"wug","2007-600.jpg",FALSE
"324",45,1,"kiv","2023-600.jpg",FALSE
"325",46,4,"fep","2005-600.jpg",TRUE
"326",46,1,"gazzer","2056-600.jpg",FALSE
"327",46,2,"toma","2001-600.jpg",TRUE
"328",46,2,"kreeb","2009-600.jpg",TRUE
"329",46,2,"dax","2002-600.jpg",TRUE
"330",46,4,"manu","2007-600.jpg",TRUE
"331",46,4,"blicket","2006-600.jpg",TRUE
"332",46,1,"kiv","2025-600.jpg",FALSE
"333",46,1,"wug","2023-600.jpg",FALSE
"334",47,2,"blicket","2007-600.jpg",TRUE
"335",47,4,"toma","2023-600.jpg",TRUE
"336",47,1,"dax","2002-600.jpg",FALSE
"337",47,4,"kiv","2005-600.jpg",TRUE
"338",47,2,"gazzer","2056-600.jpg",FALSE
"339",47,1,"kreeb","2006-600.jpg",FALSE
"340",47,1,"wug","2009-600.jpg",FALSE
"341",47,4,"manu","2025-600.jpg",TRUE
"342",47,2,"fep","2001-600.jpg",TRUE
"343",48,1,"blicket","2023-600.jpg",FALSE
"344",48,2,"wug","2006-600.jpg",FALSE
"345",48,2,"kiv","2009-600.jpg",TRUE
"346",48,4,"kreeb","2005-600.jpg",TRUE
"347",48,1,"fep","2002-600.jpg",FALSE
"348",48,2,"manu","2056-600.jpg",FALSE
"349",48,1,"gazzer","2001-600.jpg",FALSE
"350",48,4,"toma","2025-600.jpg",TRUE
"351",48,4,"dax","2007-600.jpg",TRUE
"352",49,4,"dax","2001-600.jpg",TRUE
"353",49,1,"manu","2056-600.jpg",TRUE
"354",49,2,"kreeb","2005-600.jpg",TRUE
"355",49,4,"fep","2006-600.jpg",TRUE
"356",49,2,"kiv","2007-600.jpg",TRUE
"357",49,1,"blicket","2009-600.jpg",TRUE
"358",49,4,"gazzer","2023-600.jpg",TRUE
"359",49,2,"wug","2002-600.jpg",TRUE
"360",49,1,"toma","2025-600.jpg",TRUE
"361",50,1,"fep","2001-600.jpg",TRUE
"362",50,4,"toma","2007-600.jpg",TRUE
"363",50,2,"wug","2009-600.jpg",TRUE
"364",50,4,"kreeb","2025-600.jpg",TRUE
"365",50,2,"dax","2005-600.jpg",TRUE
"366",50,1,"gazzer","2002-600.jpg",TRUE
"367",50,1,"manu","2023-600.jpg",FALSE
"368",50,2,"kiv","2056-600.jpg",TRUE
"369",50,4,"blicket","2006-600.jpg",TRUE
"370",52,2,"kiv","2006-600.jpg",TRUE
"371",52,4,"wug","2025-600.jpg",TRUE
"372",52,4,"toma","2002-600.jpg",TRUE
"373",52,2,"kreeb","2007-600.jpg",FALSE
"374",52,1,"gazzer","2005-600.jpg",TRUE
"375",52,2,"blicket","2056-600.jpg",FALSE
"376",52,4,"dax","2001-600.jpg",TRUE
"377",52,1,"fep","2023-600.jpg",FALSE
"378",52,1,"manu","2009-600.jpg",TRUE
"379",53,2,"fep","2001-600.jpg",TRUE
"380",53,2,"wug","2002-600.jpg",TRUE
"381",53,4,"gazzer","2056-600.jpg",TRUE
"382",53,1,"kreeb","2009-600.jpg",TRUE
"383",53,2,"dax","2025-600.jpg",TRUE
"384",53,4,"blicket","2023-600.jpg",TRUE
"385",53,1,"toma","2005-600.jpg",TRUE
"386",53,4,"kiv","2007-600.jpg",TRUE
"387",53,1,"manu","2006-600.jpg",TRUE
"388",54,4,"kreeb","2002-600.jpg",TRUE
"389",54,2,"manu","2001-600.jpg",TRUE
"390",54,1,"gazzer","2056-600.jpg",TRUE
"391",54,4,"dax","2023-600.jpg",TRUE
"392",54,1,"wug","2007-600.jpg",FALSE
"393",54,2,"blicket","2005-600.jpg",TRUE
"394",54,4,"toma","2006-600.jpg",FALSE
"395",54,1,"fep","2025-600.jpg",FALSE
"396",54,2,"kiv","2009-600.jpg",TRUE
"397",55,4,"kiv","2009-600.jpg",TRUE
"398",55,1,"blicket","2025-600.jpg",TRUE
"399",55,2,"kreeb","2023-600.jpg",TRUE
"400",55,2,"wug","2006-600.jpg",TRUE
"401",55,1,"dax","2056-600.jpg",TRUE
"402",55,1,"gazzer","2007-600.jpg",FALSE
"403",55,4,"fep","2005-600.jpg",TRUE
"404",55,2,"toma","2001-600.jpg",TRUE
"405",55,4,"manu","2002-600.jpg",TRUE
"406",56,2,"wug","2006-600.jpg",TRUE
"407",56,4,"manu","2005-600.jpg",TRUE
"408",56,2,"fep","2009-600.jpg",FALSE
"409",56,1,"gazzer","2056-600.jpg",FALSE
"410",56,4,"kreeb","2007-600.jpg",TRUE
"411",56,1,"blicket","2002-600.jpg",FALSE
"412",56,4,"toma","2001-600.jpg",TRUE
"413",56,2,"dax","2025-600.jpg",TRUE
"414",56,1,"kiv","2023-600.jpg",FALSE
"415",57,2,"kiv","2006-600.jpg",TRUE
"416",57,2,"dax","2056-600.jpg",FALSE
"417",57,1,"gazzer","2025-600.jpg",FALSE
"418",57,1,"fep","2001-600.jpg",FALSE
"419",57,4,"kreeb","2009-600.jpg",TRUE
"420",57,2,"wug","2005-600.jpg",FALSE
"421",57,4,"toma","2023-600.jpg",TRUE
"422",57,4,"manu","2007-600.jpg",TRUE
"423",57,1,"blicket","2002-600.jpg",FALSE
"424",58,1,"toma","2025-600.jpg",TRUE
"425",58,4,"blicket","2007-600.jpg",TRUE
"426",58,4,"kreeb","2001-600.jpg",TRUE
"427",58,1,"gazzer","2023-600.jpg",TRUE
"428",58,2,"dax","2056-600.jpg",TRUE
"429",58,2,"wug","2005-600.jpg",TRUE
"430",58,2,"kiv","2006-600.jpg",TRUE
"431",58,1,"fep","2009-600.jpg",TRUE
"432",58,4,"manu","2002-600.jpg",TRUE
"433",59,4,"kiv","2002-600.jpg",TRUE
"434",59,1,"gazzer","2056-600.jpg",TRUE
"435",59,4,"dax","2025-600.jpg",TRUE
"436",59,4,"blicket","2009-600.jpg",TRUE
"437",59,2,"toma","2006-600.jpg",TRUE
"438",59,2,"fep","2007-600.jpg",TRUE
"439",59,1,"manu","2023-600.jpg",TRUE
"440",59,1,"wug","2005-600.jpg",FALSE
"441",59,2,"kreeb","2001-600.jpg",TRUE
"442",60,1,"gazzer","2007-600.jpg",TRUE
"443",60,4,"fep","2005-600.jpg",TRUE
"444",60,4,"dax","2025-600.jpg",TRUE
"445",60,2,"manu","2009-600.jpg",TRUE
"446",60,1,"kreeb","2001-600.jpg",TRUE
"447",60,1,"blicket","2056-600.jpg",TRUE
"448",60,2,"toma","2023-600.jpg",TRUE
"449",60,4,"kiv","2006-600.jpg",TRUE
"450",60,2,"wug","2002-600.jpg",TRUE
"451",61,1,"gazzer","2001-600.jpg",TRUE
"452",61,1,"blicket","2002-600.jpg",TRUE
"453",61,4,"dax","2009-600.jpg",TRUE
"454",61,2,"toma","2007-600.jpg",TRUE
"455",61,2,"fep","2056-600.jpg",TRUE
"456",61,2,"wug","2005-600.jpg",TRUE
"457",61,4,"manu","2025-600.jpg",TRUE
"458",61,4,"kreeb","2023-600.jpg",TRUE
"459",61,1,"kiv","2006-600.jpg",TRUE
"460",63,2,"wug","2025-600.jpg",TRUE
"461",63,4,"toma","2056-600.jpg",TRUE
"462",63,1,"fep","2023-600.jpg",TRUE
"463",63,1,"kreeb","2005-600.jpg",TRUE
"464",63,2,"manu","2007-600.jpg",TRUE
"465",63,4,"gazzer","2001-600.jpg",TRUE
"466",63,1,"kiv","2009-600.jpg",FALSE
"467",63,4,"dax","2002-600.jpg",TRUE
"468",63,2,"blicket","2006-600.jpg",TRUE
"469",64,2,"gazzer","2001-600.jpg",TRUE
"470",64,4,"kreeb","2002-600.jpg",TRUE
"471",64,1,"dax","2009-600.jpg",TRUE
"472",64,2,"manu","2006-600.jpg",TRUE
"473",64,4,"fep","2005-600.jpg",TRUE
"474",64,4,"toma","2007-600.jpg",TRUE
"475",64,1,"kiv","2056-600.jpg",TRUE
"476",64,2,"blicket","2025-600.jpg",FALSE
"477",64,1,"wug","2023-600.jpg",FALSE
"478",65,1,"kreeb","2007-600.jpg",FALSE
"479",65,2,"blicket","2002-600.jpg",TRUE
"480",65,2,"gazzer","2005-600.jpg",TRUE
"481",65,1,"fep","2001-600.jpg",FALSE
"482",65,4,"dax","2025-600.jpg",TRUE
"483",65,2,"manu","2006-600.jpg",FALSE
"484",65,4,"toma","2023-600.jpg",TRUE
"485",65,1,"kiv","2056-600.jpg",FALSE
"486",65,4,"wug","2009-600.jpg",TRUE
"487",67,4,"manu","2005-600.jpg",TRUE
"488",67,4,"toma","2025-600.jpg",FALSE
"489",67,1,"gazzer","2023-600.jpg",FALSE
"490",67,4,"blicket","2002-600.jpg",TRUE
"491",67,2,"fep","2001-600.jpg",TRUE
"492",67,2,"kiv","2007-600.jpg",TRUE
"493",67,2,"kreeb","2056-600.jpg",FALSE
"494",67,1,"wug","2006-600.jpg",FALSE
"495",67,1,"dax","2009-600.jpg",FALSE
"496",68,4,"kreeb","2023-600.jpg",TRUE
"497",68,4,"wug","2025-600.jpg",FALSE
"498",68,2,"toma","2009-600.jpg",FALSE
"499",68,2,"manu","2006-600.jpg",FALSE
"500",68,1,"kiv","2005-600.jpg",FALSE
"501",68,1,"fep","2056-600.jpg",TRUE
"502",68,1,"gazzer","2002-600.jpg",FALSE
"503",68,2,"blicket","2001-600.jpg",FALSE
"504",68,4,"dax","2007-600.jpg",FALSE
"505",69,2,"toma","2006-600.jpg",FALSE
"506",69,4,"wug","2023-600.jpg",TRUE
"507",69,1,"kreeb","2056-600.jpg",TRUE
"508",69,2,"gazzer","2002-600.jpg",TRUE
"509",69,2,"manu","2009-600.jpg",TRUE
"510",69,1,"fep","2005-600.jpg",TRUE
"511",69,1,"blicket","2025-600.jpg",TRUE
"512",69,4,"dax","2001-600.jpg",TRUE
"513",69,4,"kiv","2007-600.jpg",TRUE
"514",70,4,"blicket","2001-600.jpg",TRUE
"515",70,4,"gazzer","2025-600.jpg",TRUE
"516",70,2,"dax","2002-600.jpg",TRUE
"517",70,1,"kiv","2056-600.jpg",FALSE
"518",70,1,"manu","2005-600.jpg",TRUE
"519",70,4,"toma","2009-600.jpg",TRUE
"520",70,2,"kreeb","2023-600.jpg",TRUE
"521",70,1,"fep","2007-600.jpg",FALSE
"522",70,2,"wug","2006-600.jpg",TRUE
"523",71,2,"fep","2002-600.jpg",TRUE
"524",71,1,"gazzer","2009-600.jpg",TRUE
"525",71,1,"wug","2025-600.jpg",TRUE
"526",71,4,"dax","2001-600.jpg",TRUE
"527",71,1,"blicket","2005-600.jpg",TRUE
"528",71,2,"kreeb","2006-600.jpg",TRUE
"529",71,4,"kiv","2007-600.jpg",TRUE
"530",71,2,"toma","2056-600.jpg",TRUE
"531",71,4,"manu","2023-600.jpg",TRUE
"532",72,2,"blicket","2023-600.jpg",TRUE
"533",72,1,"gazzer","2056-600.jpg",FALSE
"534",72,2,"manu","2009-600.jpg",FALSE
"535",72,4,"toma","2002-600.jpg",TRUE
"536",72,4,"fep","2005-600.jpg",TRUE
"537",72,1,"kiv","2007-600.jpg",FALSE
"538",72,1,"dax","2006-600.jpg",TRUE
"539",72,4,"kreeb","2001-600.jpg",FALSE
"540",72,2,"wug","2025-600.jpg",TRUE
"541",73,1,"fep","2002-600.jpg",TRUE
"542",73,2,"gazzer","2007-600.jpg",TRUE
"543",73,2,"toma","2025-600.jpg",TRUE
"544",73,4,"dax","2023-600.jpg",TRUE
"545",73,1,"blicket","2005-600.jpg",TRUE
"546",73,1,"kiv","2006-600.jpg",FALSE
"547",73,2,"kreeb","2001-600.jpg",TRUE
"548",73,4,"manu","2009-600.jpg",TRUE
"549",73,4,"wug","2056-600.jpg",TRUE
"550",74,4,"blicket","2007-600.jpg",TRUE
"551",74,2,"kreeb","2002-600.jpg",TRUE
"552",74,1,"manu","2006-600.jpg",FALSE
"553",74,1,"wug","2023-600.jpg",FALSE
"554",74,2,"fep","2001-600.jpg",TRUE
"555",74,4,"gazzer","2025-600.jpg",TRUE
"556",74,2,"toma","2005-600.jpg",FALSE
"557",74,4,"dax","2009-600.jpg",FALSE
"558",74,1,"kiv","2056-600.jpg",FALSE
"559",75,2,"gazzer","2056-600.jpg",TRUE
"560",75,1,"blicket","2007-600.jpg",TRUE
"561",75,2,"kreeb","2009-600.jpg",TRUE
"562",75,1,"fep","2002-600.jpg",TRUE
"563",75,4,"toma","2023-600.jpg",TRUE
"564",75,2,"dax","2005-600.jpg",TRUE
"565",75,4,"wug","2006-600.jpg",TRUE
"566",75,1,"kiv","2025-600.jpg",TRUE
"567",75,4,"manu","2001-600.jpg",TRUE
"568",76,4,"kreeb","2006-600.jpg",TRUE
"569",76,4,"fep","2023-600.jpg",TRUE
"570",76,1,"dax","2005-600.jpg",FALSE
"571",76,4,"blicket","2002-600.jpg",TRUE
"572",76,2,"manu","2056-600.jpg",TRUE
"573",76,2,"wug","2007-600.jpg",TRUE
"574",76,1,"gazzer","2009-600.jpg",TRUE
"575",76,1,"toma","2025-600.jpg",TRUE
"576",76,2,"kiv","2001-600.jpg",FALSE
"577",77,4,"gazzer","2005-600.jpg",TRUE
"578",77,1,"kreeb","2001-600.jpg",FALSE
"579",77,1,"wug","2009-600.jpg",FALSE
"580",77,4,"fep","2025-600.jpg",TRUE
"581",77,4,"blicket","2002-600.jpg",TRUE
"582",77,1,"manu","2007-600.jpg",TRUE
"583",77,2,"dax","2006-600.jpg",TRUE
"584",77,2,"toma","2023-600.jpg",TRUE
"585",77,2,"kiv","2056-600.jpg",TRUE
"586",78,2,"dax","2006-600.jpg",TRUE
"587",78,4,"blicket","2023-600.jpg",FALSE
"588",78,2,"manu","2002-600.jpg",TRUE
"589",78,1,"kiv","2056-600.jpg",TRUE
"590",78,1,"gazzer","2001-600.jpg",FALSE
"591",78,4,"fep","2007-600.jpg",TRUE
"592",78,4,"kreeb","2005-600.jpg",TRUE
"593",78,1,"toma","2025-600.jpg",TRUE
"594",78,2,"wug","2009-600.jpg",TRUE
"595",79,1,"kreeb","2005-600.jpg",FALSE
"596",79,2,"gazzer","2025-600.jpg",TRUE
"597",79,4,"blicket","2056-600.jpg",TRUE
"598",79,1,"wug","2001-600.jpg",TRUE
"599",79,1,"kiv","2009-600.jpg",FALSE
"600",79,4,"fep","2007-600.jpg",TRUE
"601",79,4,"toma","2023-600.jpg",TRUE
"602",79,2,"manu","2006-600.jpg",FALSE
"603",79,2,"dax","2002-600.jpg",TRUE
"604",80,2,"fep","2007-600.jpg",TRUE
"605",80,1,"toma","2006-600.jpg",TRUE
"606",80,4,"wug","2005-600.jpg",TRUE
"607",80,1,"manu","2002-600.jpg",TRUE
"608",80,4,"dax","2023-600.jpg",TRUE
"609",80,1,"blicket","2025-600.jpg",TRUE
"610",80,2,"gazzer","2009-600.jpg",TRUE
"611",80,4,"kreeb","2001-600.jpg",TRUE
"612",80,2,"kiv","2056-600.jpg",TRUE
"613",81,2,"fep","2025-600.jpg",FALSE
"614",81,4,"gazzer","2009-600.jpg",TRUE
"615",81,2,"kiv","2056-600.jpg",FALSE
"616",81,1,"manu","2001-600.jpg",FALSE
"617",81,1,"kreeb","2005-600.jpg",FALSE
"618",81,4,"dax","2007-600.jpg",TRUE
"619",81,2,"blicket","2002-600.jpg",FALSE
"620",81,4,"wug","2023-600.jpg",TRUE
"621",81,1,"toma","2006-600.jpg",TRUE
"622",82,4,"blicket","2007-600.jpg",TRUE
"623",82,2,"kiv","2006-600.jpg",TRUE
"624",82,2,"gazzer","2001-600.jpg",TRUE
"625",82,1,"fep","2005-600.jpg",FALSE
"626",82,4,"toma","2025-600.jpg",FALSE
"627",82,1,"wug","2002-600.jpg",FALSE
"628",82,1,"kreeb","2056-600.jpg",FALSE
"629",82,4,"manu","2009-600.jpg",TRUE
"630",82,2,"dax","2023-600.jpg",FALSE
"631",83,2,"wug","2001-600.jpg",TRUE
"632",83,1,"dax","2006-600.jpg",TRUE
"633",83,2,"manu","2002-600.jpg",TRUE
"634",83,4,"kreeb","2056-600.jpg",TRUE
"635",83,1,"toma","2005-600.jpg",TRUE
"636",83,4,"kiv","2007-600.jpg",TRUE
"637",83,2,"fep","2009-600.jpg",TRUE
"638",83,1,"gazzer","2025-600.jpg",TRUE
"639",83,4,"blicket","2023-600.jpg",TRUE
"640",84,1,"wug","2002-600.jpg",TRUE
"641",84,1,"kreeb","2005-600.jpg",TRUE
"642",84,2,"kiv","2009-600.jpg",TRUE
"643",84,1,"gazzer","2056-600.jpg",FALSE
"644",84,2,"blicket","2023-600.jpg",TRUE
"645",84,4,"fep","2025-600.jpg",TRUE
"646",84,4,"toma","2007-600.jpg",TRUE
"647",84,2,"manu","2006-600.jpg",TRUE
"648",84,4,"dax","2001-600.jpg",TRUE
"649",86,4,"wug","2002-600.jpg",TRUE
"650",86,1,"dax","2009-600.jpg",FALSE
"651",86,2,"kiv","2006-600.jpg",FALSE
"652",86,2,"toma","2007-600.jpg",TRUE
"653",86,2,"blicket","2005-600.jpg",FALSE
"654",86,1,"gazzer","2001-600.jpg",FALSE
"655",86,4,"manu","2056-600.jpg",TRUE
"656",86,1,"kreeb","2023-600.jpg",FALSE
"657",86,4,"fep","2025-600.jpg",TRUE
"658",87,2,"gazzer","2006-600.jpg",TRUE
"659",87,2,"fep","2009-600.jpg",TRUE
"660",87,4,"wug","2005-600.jpg",TRUE
"661",87,1,"manu","2002-600.jpg",FALSE
"662",87,1,"blicket","2023-600.jpg",FALSE
"663",87,4,"kreeb","2007-600.jpg",FALSE
"664",87,1,"kiv","2056-600.jpg",FALSE
"665",87,4,"dax","2025-600.jpg",FALSE
"666",87,2,"toma","2001-600.jpg",TRUE
"667",88,4,"wug","2006-600.jpg",TRUE
"668",88,2,"manu","2009-600.jpg",TRUE
"669",88,4,"kiv","2025-600.jpg",TRUE
"670",88,1,"blicket","2056-600.jpg",FALSE
"671",88,1,"fep","2002-600.jpg",TRUE
"672",88,2,"kreeb","2001-600.jpg",TRUE
"673",88,1,"toma","2007-600.jpg",FALSE
"674",88,4,"gazzer","2023-600.jpg",TRUE
"675",88,2,"dax","2005-600.jpg",TRUE
"676",90,4,"manu","2006-600.jpg",TRUE
"677",90,2,"fep","2002-600.jpg",FALSE
"678",90,1,"wug","2056-600.jpg",FALSE
"679",90,4,"kiv","2025-600.jpg",TRUE
"680",90,2,"gazzer","2009-600.jpg",TRUE
"681",90,1,"toma","2001-600.jpg",TRUE
"682",90,2,"blicket","2005-600.jpg",TRUE
"683",90,1,"kreeb","2023-600.jpg",FALSE
"684",90,4,"dax","2007-600.jpg",TRUE
"685",91,2,"kiv","2006-600.jpg",TRUE
"686",91,1,"dax","2007-600.jpg",TRUE
"687",91,1,"manu","2056-600.jpg",TRUE
"688",91,2,"fep","2023-600.jpg",TRUE
"689",91,1,"kreeb","2009-600.jpg",FALSE
"690",91,2,"toma","2005-600.jpg",TRUE
"691",91,4,"gazzer","2001-600.jpg",TRUE
"692",91,4,"blicket","2025-600.jpg",TRUE
"693",91,4,"wug","2002-600.jpg",TRUE
"694",92,2,"manu","2009-600.jpg",TRUE
"695",92,4,"fep","2007-600.jpg",TRUE
"696",92,4,"blicket","2002-600.jpg",TRUE
"697",92,2,"wug","2006-600.jpg",TRUE
"698",92,1,"toma","2056-600.jpg",FALSE
"699",92,1,"dax","2023-600.jpg",TRUE
"700",92,4,"gazzer","2025-600.jpg",TRUE
"701",92,1,"kiv","2005-600.jpg",FALSE
"702",92,2,"kreeb","2001-600.jpg",FALSE
"703",93,2,"kreeb","2006-600.jpg",TRUE
"704",93,2,"toma","2025-600.jpg",TRUE
"705",93,2,"kiv","2056-600.jpg",FALSE
"706",93,1,"wug","2002-600.jpg",TRUE
"707",93,1,"blicket","2007-600.jpg",TRUE
"708",93,4,"gazzer","2005-600.jpg",TRUE
"709",93,4,"manu","2001-600.jpg",TRUE
"710",93,1,"fep","2009-600.jpg",TRUE
"711",93,4,"dax","2023-600.jpg",TRUE
"712",94,1,"fep","2056-600.jpg",TRUE
"713",94,4,"dax","2005-600.jpg",TRUE
"714",94,2,"kreeb","2009-600.jpg",FALSE
"715",94,1,"gazzer","2002-600.jpg",FALSE
"716",94,4,"wug","2023-600.jpg",TRUE
"717",94,2,"toma","2007-600.jpg",TRUE
"718",94,2,"manu","2006-600.jpg",TRUE
"719",94,4,"kiv","2001-600.jpg",TRUE
"720",94,1,"blicket","2025-600.jpg",FALSE
"721",95,2,"fep","2001-600.jpg",TRUE
"722",95,4,"gazzer","2023-600.jpg",TRUE
"723",95,4,"wug","2007-600.jpg",TRUE
"724",95,2,"toma","2005-600.jpg",TRUE
"725",95,1,"blicket","2002-600.jpg",TRUE
"726",95,1,"dax","2056-600.jpg",TRUE
"727",95,2,"kiv","2006-600.jpg",TRUE
"728",95,1,"manu","2025-600.jpg",TRUE
"729",95,4,"kreeb","2009-600.jpg",TRUE
"730",96,1,"gazzer","2006-600.jpg",TRUE
"731",96,2,"manu","2005-600.jpg",TRUE
"732",96,4,"dax","2023-600.jpg",TRUE
"733",96,1,"toma","2025-600.jpg",FALSE
"734",96,4,"blicket","2007-600.jpg",TRUE
"735",96,2,"fep","2056-600.jpg",TRUE
"736",96,1,"wug","2002-600.jpg",FALSE
"737",96,2,"kiv","2001-600.jpg",TRUE
"738",96,4,"kreeb","2009-600.jpg",TRUE
"739",97,4,"dax","2002-600.jpg",FALSE
"740",97,1,"kiv","2001-600.jpg",TRUE
"741",97,1,"gazzer","2009-600.jpg",FALSE
"742",97,1,"manu","2025-600.jpg",FALSE
"743",97,2,"wug","2007-600.jpg",FALSE
"744",97,2,"blicket","2056-600.jpg",FALSE
"745",97,2,"kreeb","2005-600.jpg",FALSE
"746",97,4,"toma","2023-600.jpg",TRUE
"747",97,4,"fep","2006-600.jpg",FALSE
"748",98,4,"manu","2023-600.jpg",TRUE
"749",98,2,"kiv","2006-600.jpg",TRUE
"750",98,4,"wug","2025-600.jpg",TRUE
"751",98,4,"dax","2001-600.jpg",TRUE
"752",98,1,"gazzer","2002-600.jpg",FALSE
"753",98,2,"fep","2009-600.jpg",TRUE
"754",98,1,"kreeb","2005-600.jpg",TRUE
"755",98,2,"blicket","2056-600.jpg",TRUE
"756",98,1,"toma","2007-600.jpg",TRUE
"757",99,4,"fep","2001-600.jpg",TRUE
"758",99,4,"toma","2056-600.jpg",TRUE
"759",99,2,"manu","2009-600.jpg",TRUE
"760",99,1,"kiv","2025-600.jpg",FALSE
"761",99,4,"kreeb","2023-600.jpg",FALSE
"762",99,2,"wug","2002-600.jpg",FALSE
"763",99,1,"blicket","2006-600.jpg",TRUE
"764",99,2,"dax","2007-600.jpg",FALSE
"765",99,1,"gazzer","2005-600.jpg",FALSE
"766",100,1,"manu","2007-600.jpg",FALSE
"767",100,2,"fep","2006-600.jpg",FALSE
"768",100,2,"toma","2056-600.jpg",TRUE
"769",100,4,"gazzer","2002-600.jpg",TRUE
"770",100,4,"kreeb","2023-600.jpg",TRUE
"771",100,4,"dax","2005-600.jpg",TRUE
"772",100,1,"blicket","2025-600.jpg",TRUE
"773",100,2,"kiv","2009-600.jpg",FALSE
"774",100,1,"wug","2001-600.jpg",TRUE
"775",101,4,"toma","2006-600.jpg",TRUE
"776",101,2,"manu","2002-600.jpg",TRUE
"777",101,4,"blicket","2001-600.jpg",TRUE
"778",101,1,"wug","2007-600.jpg",TRUE
"779",101,1,"dax","2056-600.jpg",TRUE
"780",101,2,"kiv","2023-600.jpg",TRUE
"781",101,4,"kreeb","2025-600.jpg",TRUE
"782",101,1,"fep","2005-600.jpg",TRUE
"783",101,2,"gazzer","2009-600.jpg",TRUE
"784",102,1,"toma","2001-600.jpg",TRUE
"785",102,1,"fep","2006-600.jpg",TRUE
"786",102,1,"blicket","2007-600.jpg",FALSE
"787",102,2,"gazzer","2056-600.jpg",TRUE
"788",102,4,"kreeb","2009-600.jpg",TRUE
"789",102,2,"kiv","2002-600.jpg",TRUE
"790",102,4,"dax","2005-600.jpg",TRUE
"791",102,4,"wug","2025-600.jpg",TRUE
"792",102,2,"manu","2023-600.jpg",TRUE
"793",103,2,"kreeb","2006-600.jpg",FALSE
"794",103,4,"wug","2001-600.jpg",TRUE
"795",103,4,"blicket","2007-600.jpg",TRUE
"796",103,2,"kiv","2009-600.jpg",FALSE
"797",103,2,"gazzer","2005-600.jpg",FALSE
"798",103,4,"manu","2002-600.jpg",TRUE
"799",103,1,"fep","2023-600.jpg",TRUE
"800",103,1,"toma","2056-600.jpg",FALSE
"801",103,1,"dax","2025-600.jpg",FALSE
"802",106,1,"kiv","2023-600.jpg",TRUE
"803",106,1,"fep","2006-600.jpg",FALSE
"804",106,4,"gazzer","2056-600.jpg",TRUE
"805",106,2,"dax","2007-600.jpg",TRUE
"806",106,4,"manu","2005-600.jpg",TRUE
"807",106,2,"wug","2009-600.jpg",TRUE
"808",106,2,"toma","2002-600.jpg",TRUE
"809",106,4,"kreeb","2025-600.jpg",TRUE
"810",106,1,"blicket","2001-600.jpg",TRUE
"811",107,1,"toma","2002-600.jpg",TRUE
"812",107,4,"wug","2025-600.jpg",TRUE
"813",107,1,"kiv","2056-600.jpg",TRUE
"814",107,4,"kreeb","2023-600.jpg",TRUE
"815",107,1,"blicket","2007-600.jpg",TRUE
"816",107,4,"gazzer","2001-600.jpg",TRUE
"817",107,2,"dax","2009-600.jpg",TRUE
"818",107,2,"fep","2006-600.jpg",TRUE
"819",107,2,"manu","2005-600.jpg",TRUE
"820",109,2,"wug","2007-600.jpg",TRUE
"821",109,2,"gazzer","2002-600.jpg",TRUE
"822",109,1,"manu","2006-600.jpg",TRUE
"823",109,2,"blicket","2005-600.jpg",TRUE
"824",109,4,"fep","2009-600.jpg",TRUE
"825",109,1,"kreeb","2056-600.jpg",TRUE
"826",109,4,"dax","2025-600.jpg",TRUE
"827",109,1,"toma","2023-600.jpg",TRUE
"828",109,4,"kiv","2001-600.jpg",TRUE
"829",110,2,"gazzer","2009-600.jpg",FALSE
"830",110,1,"blicket","2007-600.jpg",TRUE
"831",110,4,"toma","2056-600.jpg",TRUE
"832",110,1,"kiv","2002-600.jpg",FALSE
"833",110,2,"wug","2023-600.jpg",FALSE
"834",110,1,"dax","2006-600.jpg",FALSE
"835",110,4,"manu","2005-600.jpg",TRUE
"836",110,4,"fep","2001-600.jpg",TRUE
"837",110,2,"kreeb","2025-600.jpg",FALSE
"838",111,1,"gazzer","2009-600.jpg",FALSE
"839",111,2,"blicket","2007-600.jpg",TRUE
"840",111,2,"manu","2006-600.jpg",TRUE
"841",111,4,"kreeb","2005-600.jpg",TRUE
"842",111,1,"toma","2002-600.jpg",FALSE
"843",111,2,"dax","2023-600.jpg",FALSE
"844",111,4,"kiv","2056-600.jpg",TRUE
"845",111,4,"wug","2001-600.jpg",TRUE
"846",111,1,"fep","2025-600.jpg",FALSE
"847",112,1,"kiv","2006-600.jpg",FALSE
"848",112,2,"dax","2056-600.jpg",TRUE
"849",112,2,"toma","2025-600.jpg",FALSE
"850",112,4,"kreeb","2009-600.jpg",FALSE
"851",112,1,"manu","2005-600.jpg",FALSE
"852",112,1,"gazzer","2001-600.jpg",FALSE
"853",112,4,"wug","2007-600.jpg",TRUE
"854",112,4,"blicket","2002-600.jpg",TRUE
"855",112,2,"fep","2023-600.jpg",FALSE
"856",113,2,"kreeb","2056-600.jpg",TRUE
"857",113,1,"wug","2025-600.jpg",TRUE
"858",113,4,"dax","2023-600.jpg",TRUE
"859",113,1,"fep","2007-600.jpg",TRUE
"860",113,2,"gazzer","2002-600.jpg",TRUE
"861",113,4,"kiv","2009-600.jpg",TRUE
"862",113,2,"manu","2001-600.jpg",TRUE
"863",113,4,"toma","2006-600.jpg",TRUE
"864",113,1,"blicket","2005-600.jpg",TRUE
"865",114,4,"manu","2005-600.jpg",TRUE
"866",114,1,"dax","2001-600.jpg",TRUE
"867",114,2,"toma","2023-600.jpg",TRUE
"868",114,2,"blicket","2025-600.jpg",TRUE
"869",114,1,"wug","2009-600.jpg",FALSE
"870",114,1,"fep","2002-600.jpg",FALSE
"871",114,4,"kiv","2056-600.jpg",TRUE
"872",114,4,"gazzer","2007-600.jpg",TRUE
"873",114,2,"kreeb","2006-600.jpg",TRUE
"874",115,1,"blicket","2006-600.jpg",FALSE
"875",115,2,"fep","2056-600.jpg",FALSE
"876",115,2,"wug","2023-600.jpg",FALSE
"877",115,4,"gazzer","2001-600.jpg",FALSE
"878",115,1,"manu","2002-600.jpg",TRUE
"879",115,4,"kreeb","2009-600.jpg",TRUE
"880",115,4,"dax","2025-600.jpg",FALSE
"881",115,1,"kiv","2005-600.jpg",FALSE
"882",115,2,"toma","2007-600.jpg",FALSE
"883",117,1,"kreeb","2006-600.jpg",FALSE
"884",117,2,"wug","2005-600.jpg",TRUE
"885",117,4,"gazzer","2025-600.jpg",TRUE
"886",117,2,"manu","2009-600.jpg",TRUE
"887",117,2,"fep","2023-600.jpg",TRUE
"888",117,1,"blicket","2001-600.jpg",FALSE
"889",117,4,"dax","2002-600.jpg",TRUE
"890",117,4,"toma","2056-600.jpg",TRUE
"891",117,1,"kiv","2007-600.jpg",TRUE
"892",118,4,"fep","2002-600.jpg",TRUE
"893",118,1,"gazzer","2001-600.jpg",TRUE
"894",118,2,"kreeb","2005-600.jpg",FALSE
"895",118,2,"blicket","2006-600.jpg",TRUE
"896",118,4,"manu","2023-600.jpg",TRUE
"897",118,2,"wug","2009-600.jpg",FALSE
"898",118,1,"dax","2025-600.jpg",FALSE
"899",118,1,"toma","2056-600.jpg",FALSE
"900",118,4,"kiv","2007-600.jpg",TRUE
"901",119,1,"wug","2056-600.jpg",TRUE
"902",119,1,"kiv","2002-600.jpg",TRUE
"903",119,4,"manu","2023-600.jpg",TRUE
"904",119,2,"blicket","2005-600.jpg",TRUE
"905",119,4,"fep","2025-600.jpg",TRUE
"906",119,2,"gazzer","2007-600.jpg",TRUE
"907",119,1,"kreeb","2006-600.jpg",TRUE
"908",119,2,"dax","2001-600.jpg",TRUE
"909",119,4,"toma","2009-600.jpg",TRUE
"910",120,1,"kiv","2002-600.jpg",TRUE
"911",120,2,"manu","2006-600.jpg",TRUE
"912",120,4,"fep","2023-600.jpg",TRUE
"913",120,4,"toma","2056-600.jpg",TRUE
"914",120,2,"blicket","2007-600.jpg",TRUE
"915",120,1,"kreeb","2005-600.jpg",TRUE
"916",120,2,"dax","2009-600.jpg",TRUE
"917",120,4,"gazzer","2025-600.jpg",TRUE
"918",120,1,"wug","2001-600.jpg",TRUE
"919",121,1,"kreeb","2002-600.jpg",FALSE
"920",121,4,"fep","2005-600.jpg",TRUE
"921",121,4,"dax","2056-600.jpg",TRUE
"922",121,4,"blicket","2007-600.jpg",TRUE
"923",121,1,"gazzer","2001-600.jpg",FALSE
"924",121,2,"wug","2023-600.jpg",TRUE
"925",121,1,"kiv","2025-600.jpg",FALSE
"926",121,2,"toma","2006-600.jpg",TRUE
"927",121,2,"manu","2009-600.jpg",TRUE
"928",122,1,"dax","2005-600.jpg",TRUE
"929",122,4,"kreeb","2023-600.jpg",TRUE
"930",122,4,"fep","2002-600.jpg",TRUE
"931",122,2,"kiv","2025-600.jpg",FALSE
"932",122,1,"gazzer","2056-600.jpg",FALSE
"933",122,1,"blicket","2007-600.jpg",TRUE
"934",122,4,"wug","2001-600.jpg",TRUE
"935",122,2,"toma","2009-600.jpg",TRUE
"936",122,2,"manu","2006-600.jpg",TRUE
"937",123,2,"blicket","2023-600.jpg",FALSE
"938",123,2,"toma","2056-600.jpg",FALSE
"939",123,1,"kiv","2001-600.jpg",FALSE
"940",123,1,"wug","2006-600.jpg",FALSE
"941",123,4,"kreeb","2009-600.jpg",TRUE
"942",123,1,"fep","2025-600.jpg",TRUE
"943",123,4,"gazzer","2005-600.jpg",TRUE
"944",123,4,"dax","2007-600.jpg",TRUE
"945",123,2,"manu","2002-600.jpg",TRUE
"946",124,1,"dax","2006-600.jpg",TRUE
"947",124,2,"blicket","2002-600.jpg",TRUE
"948",124,4,"kreeb","2001-600.jpg",TRUE
"949",124,2,"fep","2009-600.jpg",TRUE
"950",124,2,"manu","2023-600.jpg",TRUE
"951",124,4,"toma","2005-600.jpg",TRUE
"952",124,1,"kiv","2025-600.jpg",TRUE
"953",124,4,"gazzer","2007-600.jpg",TRUE
"954",124,1,"wug","2056-600.jpg",FALSE
"955",125,2,"dax","2006-600.jpg",TRUE
"956",125,2,"gazzer","2056-600.jpg",TRUE
"957",125,1,"manu","2007-600.jpg",TRUE
"958",125,2,"toma","2005-600.jpg",TRUE
"959",125,4,"kiv","2002-600.jpg",TRUE
"960",125,4,"fep","2009-600.jpg",FALSE
"961",125,1,"kreeb","2025-600.jpg",FALSE
"962",125,4,"wug","2023-600.jpg",FALSE
"963",125,1,"blicket","2001-600.jpg",FALSE
"964",126,4,"toma","2009-600.jpg",TRUE
"965",126,1,"kiv","2005-600.jpg",TRUE
"966",126,1,"dax","2006-600.jpg",TRUE
"967",126,1,"kreeb","2007-600.jpg",TRUE
"968",126,4,"gazzer","2002-600.jpg",TRUE
"969",126,2,"blicket","2056-600.jpg",TRUE
"970",126,2,"wug","2023-600.jpg",TRUE
"971",126,4,"manu","2001-600.jpg",TRUE
"972",126,2,"fep","2025-600.jpg",TRUE
"973",128,2,"gazzer","2056-600.jpg",TRUE
"974",128,2,"manu","2025-600.jpg",TRUE
"975",128,2,"kreeb","2001-600.jpg",TRUE
"976",128,1,"toma","2006-600.jpg",FALSE
"977",128,1,"fep","2007-600.jpg",FALSE
"978",128,4,"wug","2009-600.jpg",FALSE
"979",128,4,"blicket","2005-600.jpg",TRUE
"980",128,1,"kiv","2023-600.jpg",FALSE
"981",128,4,"dax","2002-600.jpg",TRUE
"982",129,4,"kiv","2007-600.jpg",FALSE
"983",129,2,"gazzer","2025-600.jpg",FALSE
"984",129,1,"fep","2006-600.jpg",FALSE
"985",129,1,"dax","2023-600.jpg",TRUE
"986",129,4,"toma","2001-600.jpg",FALSE
"987",129,1,"manu","2005-600.jpg",FALSE
"988",129,2,"kreeb","2056-600.jpg",FALSE
"989",129,4,"blicket","2002-600.jpg",TRUE
"990",129,2,"wug","2009-600.jpg",TRUE
"991",131,4,"kiv","2006-600.jpg",TRUE
"992",131,4,"manu","2002-600.jpg",TRUE
"993",131,2,"toma","2001-600.jpg",TRUE
"994",131,1,"wug","2025-600.jpg",FALSE
"995",131,2,"blicket","2007-600.jpg",TRUE
"996",131,1,"dax","2005-600.jpg",FALSE
"997",131,4,"kreeb","2056-600.jpg",TRUE
"998",131,2,"gazzer","2009-600.jpg",FALSE
"999",131,1,"fep","2023-600.jpg",FALSE
"1000",132,1,"kiv","2009-600.jpg",TRUE
"1001",132,4,"blicket","2007-600.jpg",TRUE
"1002",132,1,"manu","2005-600.jpg",TRUE
"1003",132,1,"dax","2006-600.jpg",TRUE
"1004",132,4,"gazzer","2002-600.jpg",TRUE
"1005",132,2,"toma","2056-600.jpg",TRUE
"1006",132,2,"wug","2023-600.jpg",TRUE
"1007",132,4,"kreeb","2025-600.jpg",FALSE
"1008",132,2,"fep","2001-600.jpg",TRUE
"1009",133,4,"gazzer","2006-600.jpg",TRUE
"1010",133,1,"blicket","2007-600.jpg",TRUE
"1011",133,4,"kreeb","2001-600.jpg",TRUE
"1012",133,2,"wug","2025-600.jpg",TRUE
"1013",133,4,"toma","2002-600.jpg",TRUE
"1014",133,1,"kiv","2009-600.jpg",FALSE
"1015",133,2,"dax","2056-600.jpg",TRUE
"1016",133,2,"manu","2023-600.jpg",TRUE
"1017",133,1,"fep","2005-600.jpg",FALSE
"1018",134,2,"fep","2056-600.jpg",TRUE
"1019",134,4,"manu","2001-600.jpg",TRUE
"1020",134,2,"wug","2007-600.jpg",TRUE
"1021",134,1,"kreeb","2002-600.jpg",FALSE
"1022",134,4,"gazzer","2006-600.jpg",TRUE
"1023",134,4,"kiv","2023-600.jpg",TRUE
"1024",134,1,"toma","2009-600.jpg",FALSE
"1025",134,1,"blicket","2005-600.jpg",TRUE
"1026",134,2,"dax","2025-600.jpg",TRUE
"1027",135,1,"blicket","2006-600.jpg",FALSE
"1028",135,2,"manu","2001-600.jpg",FALSE
"1029",135,2,"dax","2023-600.jpg",TRUE
"1030",135,2,"kiv","2007-600.jpg",TRUE
"1031",135,4,"toma","2005-600.jpg",TRUE
"1032",135,1,"gazzer","2009-600.jpg",FALSE
"1033",135,4,"kreeb","2025-600.jpg",TRUE
"1034",135,1,"wug","2056-600.jpg",FALSE
"1035",135,4,"fep","2002-600.jpg",FALSE
"1036",136,4,"toma","2056-600.jpg",TRUE
"1037",136,1,"kreeb","2009-600.jpg",TRUE
"1038",136,4,"manu","2007-600.jpg",TRUE
"1039",136,1,"blicket","2023-600.jpg",FALSE
"1040",136,4,"gazzer","2002-600.jpg",TRUE
"1041",136,2,"kiv","2005-600.jpg",TRUE
"1042",136,2,"dax","2025-600.jpg",TRUE
"1043",136,1,"wug","2001-600.jpg",FALSE
"1044",136,2,"fep","2006-600.jpg",TRUE
"1045",137,2,"gazzer","2009-600.jpg",TRUE
"1046",137,2,"wug","2001-600.jpg",TRUE
"1047",137,4,"kiv","2002-600.jpg",TRUE
"1048",137,4,"blicket","2025-600.jpg",TRUE
"1049",137,1,"dax","2056-600.jpg",TRUE
"1050",137,4,"fep","2007-600.jpg",TRUE
"1051",137,2,"manu","2006-600.jpg",FALSE
"1052",137,1,"toma","2005-600.jpg",TRUE
"1053",137,1,"kreeb","2023-600.jpg",FALSE
"1054",138,1,"wug","2056-600.jpg",FALSE
"1055",138,4,"toma","2006-600.jpg",TRUE
"1056",138,1,"manu","2002-600.jpg",FALSE
"1057",138,2,"dax","2007-600.jpg",FALSE
"1058",138,4,"kiv","2005-600.jpg",FALSE
"1059",138,1,"gazzer","2009-600.jpg",FALSE
"1060",138,4,"kreeb","2023-600.jpg",TRUE
"1061",138,2,"fep","2025-600.jpg",FALSE
"1062",138,2,"blicket","2001-600.jpg",TRUE
"1063",139,2,"gazzer","2001-600.jpg",TRUE
"1064",139,4,"dax","2023-600.jpg",TRUE
"1065",139,1,"manu","2056-600.jpg",TRUE
"1066",139,2,"blicket","2007-600.jpg",TRUE
"1067",139,4,"fep","2005-600.jpg",TRUE
"1068",139,4,"kreeb","2006-600.jpg",TRUE
"1069",139,1,"toma","2025-600.jpg",TRUE
"1070",139,2,"wug","2002-600.jpg",FALSE
"1071",139,1,"kiv","2009-600.jpg",FALSE
"1072",142,2,"fep","2009-600.jpg",TRUE
"1073",142,2,"wug","2056-600.jpg",TRUE
"1074",142,1,"kiv","2001-600.jpg",TRUE
"1075",142,1,"toma","2023-600.jpg",TRUE
"1076",142,4,"kreeb","2007-600.jpg",TRUE
"1077",142,1,"gazzer","2002-600.jpg",FALSE
"1078",142,4,"dax","2006-600.jpg",TRUE
"1079",142,4,"blicket","2005-600.jpg",TRUE
"1080",142,2,"manu","2025-600.jpg",FALSE
"1081",143,2,"toma","2025-600.jpg",TRUE
"1082",143,4,"fep","2001-600.jpg",TRUE
"1083",143,1,"wug","2056-600.jpg",FALSE
"1084",143,1,"kiv","2002-600.jpg",TRUE
"1085",143,2,"dax","2006-600.jpg",TRUE
"1086",143,4,"gazzer","2009-600.jpg",TRUE
"1087",143,4,"kreeb","2007-600.jpg",TRUE
"1088",143,2,"manu","2023-600.jpg",TRUE
"1089",143,1,"blicket","2005-600.jpg",FALSE
"1090",145,1,"manu","2025-600.jpg",TRUE
"1091",145,1,"kreeb","2007-600.jpg",FALSE
"1092",145,4,"blicket","2005-600.jpg",TRUE
"1093",145,1,"dax","2056-600.jpg",FALSE
"1094",145,2,"gazzer","2006-600.jpg",TRUE
"1095",145,4,"fep","2023-600.jpg",TRUE
"1096",145,2,"toma","2009-600.jpg",TRUE
"1097",145,2,"wug","2001-600.jpg",TRUE
"1098",145,4,"kiv","2002-600.jpg",TRUE
"1099",146,1,"toma","2056-600.jpg",FALSE
"1100",146,2,"kiv","2002-600.jpg",TRUE
"1101",146,4,"manu","2006-600.jpg",TRUE
"1102",146,2,"wug","2001-600.jpg",FALSE
"1103",146,2,"gazzer","2005-600.jpg",TRUE
"1104",146,4,"blicket","2025-600.jpg",TRUE
"1105",146,1,"kreeb","2023-600.jpg",FALSE
"1106",146,1,"fep","2009-600.jpg",FALSE
"1107",146,4,"dax","2007-600.jpg",TRUE
"1108",147,2,"manu","2023-600.jpg",TRUE
"1109",147,2,"fep","2001-600.jpg",TRUE
"1110",147,1,"wug","2002-600.jpg",TRUE
"1111",147,1,"toma","2006-600.jpg",TRUE
"1112",147,1,"kreeb","2025-600.jpg",TRUE
"1113",147,4,"dax","2007-600.jpg",TRUE
"1114",147,4,"kiv","2009-600.jpg",TRUE
"1115",147,2,"blicket","2056-600.jpg",TRUE
"1116",147,4,"gazzer","2005-600.jpg",TRUE
"1117",148,2,"kreeb","2009-600.jpg",TRUE
"1118",148,4,"fep","2025-600.jpg",TRUE
"1119",148,1,"wug","2056-600.jpg",FALSE
"1120",148,1,"toma","2005-600.jpg",TRUE
"1121",148,2,"manu","2023-600.jpg",TRUE
"1122",148,2,"gazzer","2006-600.jpg",TRUE
"1123",148,4,"kiv","2002-600.jpg",TRUE
"1124",148,4,"dax","2007-600.jpg",TRUE
"1125",148,1,"blicket","2001-600.jpg",FALSE
"1126",150,2,"blicket","2025-600.jpg",FALSE
"1127",150,4,"fep","2005-600.jpg",TRUE
"1128",150,1,"wug","2023-600.jpg",FALSE
"1129",150,4,"kreeb","2056-600.jpg",TRUE
"1130",150,4,"dax","2002-600.jpg",TRUE
"1131",150,1,"gazzer","2007-600.jpg",FALSE
"1132",150,2,"toma","2001-600.jpg",FALSE
"1133",150,1,"manu","2009-600.jpg",FALSE
"1134",150,2,"kiv","2006-600.jpg",FALSE
"1135",152,1,"manu","2025-600.jpg",FALSE
"1136",152,1,"kreeb","2006-600.jpg",FALSE
"1137",152,1,"wug","2001-600.jpg",FALSE
"1138",152,4,"fep","2002-600.jpg",TRUE
"1139",152,2,"kiv","2005-600.jpg",FALSE
"1140",152,4,"toma","2023-600.jpg",TRUE
"1141",152,2,"gazzer","2056-600.jpg",FALSE
"1142",152,4,"blicket","2009-600.jpg",TRUE
"1143",152,2,"dax","2007-600.jpg",TRUE
"1144",153,1,"toma","2005-600.jpg",FALSE
"1145",153,2,"wug","2009-600.jpg",FALSE
"1146",153,1,"manu","2006-600.jpg",FALSE
"1147",153,2,"fep","2002-600.jpg",FALSE
"1148",153,4,"dax","2007-600.jpg",TRUE
"1149",153,1,"gazzer","2025-600.jpg",FALSE
"1150",153,4,"blicket","2001-600.jpg",TRUE
"1151",153,4,"kreeb","2023-600.jpg",TRUE
"1152",153,2,"kiv","2056-600.jpg",FALSE
"1153",154,1,"manu","2002-600.jpg",TRUE
"1154",154,2,"dax","2006-600.jpg",TRUE
"1155",154,4,"kreeb","2001-600.jpg",TRUE
"1156",154,4,"wug","2056-600.jpg",TRUE
"1157",154,2,"gazzer","2025-600.jpg",FALSE
"1158",154,4,"fep","2007-600.jpg",TRUE
"1159",154,1,"kiv","2009-600.jpg",TRUE
"1160",154,1,"blicket","2023-600.jpg",TRUE
"1161",154,2,"toma","2005-600.jpg",TRUE
"1162",155,1,"kiv","2023-600.jpg",TRUE
"1163",155,2,"manu","2007-600.jpg",TRUE
"1164",155,1,"dax","2025-600.jpg",FALSE
"1165",155,2,"wug","2006-600.jpg",TRUE
"1166",155,4,"kreeb","2056-600.jpg",TRUE
"1167",155,2,"fep","2009-600.jpg",TRUE
"1168",155,4,"blicket","2002-600.jpg",TRUE
"1169",155,4,"toma","2001-600.jpg",TRUE
"1170",155,1,"gazzer","2005-600.jpg",TRUE
"1171",156,1,"kreeb","2025-600.jpg",FALSE
"1172",156,2,"dax","2002-600.jpg",TRUE
"1173",156,4,"wug","2023-600.jpg",TRUE
"1174",156,4,"blicket","2005-600.jpg",FALSE
"1175",156,2,"fep","2056-600.jpg",FALSE
"1176",156,4,"toma","2007-600.jpg",TRUE
"1177",156,1,"manu","2001-600.jpg",FALSE
"1178",156,1,"kiv","2006-600.jpg",FALSE
"1179",156,2,"gazzer","2009-600.jpg",TRUE
"1180",158,1,"wug","2005-600.jpg",FALSE
"1181",158,4,"fep","2056-600.jpg",TRUE
"1182",158,1,"blicket","2007-600.jpg",FALSE
"1183",158,2,"kreeb","2001-600.jpg",FALSE
"1184",158,4,"dax","2025-600.jpg",TRUE
"1185",158,1,"kiv","2002-600.jpg",FALSE
"1186",158,2,"toma","2009-600.jpg",TRUE
"1187",158,4,"manu","2006-600.jpg",TRUE
"1188",158,2,"gazzer","2023-600.jpg",FALSE
"1189",159,2,"kreeb","2056-600.jpg",TRUE
"1190",159,2,"blicket","2002-600.jpg",TRUE
"1191",159,4,"toma","2009-600.jpg",TRUE
"1192",159,1,"fep","2025-600.jpg",TRUE
"1193",159,1,"dax","2001-600.jpg",TRUE
"1194",159,4,"gazzer","2006-600.jpg",TRUE
"1195",159,2,"wug","2007-600.jpg",TRUE
"1196",159,1,"manu","2005-600.jpg",TRUE
"1197",159,4,"kiv","2023-600.jpg",TRUE
"1198",160,2,"toma","2006-600.jpg",TRUE
"1199",160,2,"manu","2025-600.jpg",TRUE
"1200",160,1,"dax","2001-600.jpg",TRUE
"1201",160,4,"gazzer","2005-600.jpg",TRUE
"1202",160,4,"kiv","2023-600.jpg",TRUE
"1203",160,2,"blicket","2009-600.jpg",FALSE
"1204",160,1,"kreeb","2056-600.jpg",FALSE
"1205",160,1,"wug","2002-600.jpg",TRUE
"1206",160,4,"fep","2007-600.jpg",TRUE
"1207",161,4,"manu","2002-600.jpg",TRUE
"1208",161,4,"toma","2007-600.jpg",TRUE
"1209",161,1,"gazzer","2001-600.jpg",TRUE
"1210",161,2,"blicket","2025-600.jpg",TRUE
"1211",161,2,"fep","2056-600.jpg",TRUE
"1212",161,4,"kiv","2006-600.jpg",TRUE
"1213",161,1,"dax","2009-600.jpg",TRUE
"1214",161,1,"wug","2005-600.jpg",TRUE
"1215",161,2,"kreeb","2023-600.jpg",TRUE
"1216",162,2,"manu","2056-600.jpg",TRUE
"1217",162,4,"kiv","2007-600.jpg",TRUE
"1218",162,4,"blicket","2009-600.jpg",TRUE
"1219",162,4,"toma","2023-600.jpg",TRUE
"1220",162,1,"kreeb","2001-600.jpg",FALSE
"1221",162,2,"gazzer","2005-600.jpg",TRUE
"1222",162,1,"wug","2025-600.jpg",FALSE
"1223",162,1,"dax","2002-600.jpg",FALSE
"1224",162,2,"fep","2006-600.jpg",TRUE
"1225",163,2,"dax","2005-600.jpg",TRUE
"1226",163,2,"blicket","2002-600.jpg",TRUE
"1227",163,1,"fep","2023-600.jpg",TRUE
"1228",163,1,"manu","2006-600.jpg",TRUE
"1229",163,2,"kreeb","2001-600.jpg",TRUE
"1230",163,4,"gazzer","2007-600.jpg",TRUE
"1231",163,4,"wug","2025-600.jpg",TRUE
"1232",163,4,"kiv","2056-600.jpg",TRUE
"1233",163,1,"toma","2009-600.jpg",TRUE
"1234",164,2,"blicket","2025-600.jpg",TRUE
"1235",164,4,"kiv","2007-600.jpg",FALSE
"1236",164,4,"kreeb","2009-600.jpg",FALSE
"1237",164,4,"toma","2002-600.jpg",TRUE
"1238",164,2,"dax","2001-600.jpg",FALSE
"1239",164,1,"gazzer","2006-600.jpg",FALSE
"1240",164,1,"wug","2023-600.jpg",FALSE
"1241",164,2,"manu","2005-600.jpg",TRUE
"1242",164,1,"fep","2056-600.jpg",FALSE
"1243",165,1,"toma","2009-600.jpg",FALSE
"1244",165,2,"gazzer","2007-600.jpg",FALSE
"1245",165,1,"kreeb","2005-600.jpg",TRUE
"1246",165,2,"dax","2001-600.jpg",TRUE
"1247",165,4,"kiv","2056-600.jpg",TRUE
"1248",165,4,"manu","2025-600.jpg",TRUE
"1249",165,2,"fep","2002-600.jpg",FALSE
"1250",165,1,"blicket","2023-600.jpg",FALSE
"1251",165,4,"wug","2006-600.jpg",TRUE
"1252",166,1,"kreeb","2056-600.jpg",FALSE
"1253",166,1,"kiv","2009-600.jpg",TRUE
"1254",166,1,"manu","2023-600.jpg",TRUE
"1255",166,4,"gazzer","2006-600.jpg",TRUE
"1256",166,2,"wug","2025-600.jpg",TRUE
"1257",166,4,"dax","2001-600.jpg",TRUE
"1258",166,4,"blicket","2005-600.jpg",TRUE
"1259",166,2,"fep","2002-600.jpg",FALSE
"1260",166,2,"toma","2007-600.jpg",TRUE
"1261",167,4,"fep","2002-600.jpg",TRUE
"1262",167,1,"kreeb","2025-600.jpg",FALSE
"1263",167,2,"dax","2056-600.jpg",TRUE
"1264",167,4,"gazzer","2006-600.jpg",TRUE
"1265",167,2,"toma","2001-600.jpg",TRUE
"1266",167,1,"blicket","2009-600.jpg",FALSE
"1267",167,1,"kiv","2005-600.jpg",FALSE
"1268",167,2,"manu","2007-600.jpg",TRUE
"1269",167,4,"wug","2023-600.jpg",FALSE
"1270",169,4,"dax","2002-600.jpg",TRUE
"1271",169,4,"toma","2025-600.jpg",TRUE
"1272",169,1,"gazzer","2001-600.jpg",TRUE
"1273",169,1,"kreeb","2009-600.jpg",TRUE
"1274",169,1,"wug","2007-600.jpg",TRUE
"1275",169,4,"kiv","2056-600.jpg",TRUE
"1276",169,2,"manu","2005-600.jpg",TRUE
"1277",169,2,"fep","2023-600.jpg",TRUE
"1278",169,2,"blicket","2006-600.jpg",TRUE
"1279",170,4,"fep","2009-600.jpg",TRUE
"1280",170,4,"toma","2056-600.jpg",TRUE
"1281",170,2,"dax","2002-600.jpg",FALSE
"1282",170,2,"kiv","2001-600.jpg",TRUE
"1283",170,1,"wug","2023-600.jpg",FALSE
"1284",170,4,"manu","2006-600.jpg",TRUE
"1285",170,2,"gazzer","2025-600.jpg",FALSE
"1286",170,1,"blicket","2005-600.jpg",FALSE
"1287",170,1,"kreeb","2007-600.jpg",FALSE
"1288",173,4,"fep","2001-600.jpg",TRUE
"1289",173,2,"kreeb","2025-600.jpg",TRUE
"1290",173,4,"manu","2023-600.jpg",TRUE
"1291",173,4,"gazzer","2056-600.jpg",TRUE
"1292",173,2,"blicket","2002-600.jpg",TRUE
"1293",173,1,"kiv","2009-600.jpg",TRUE
"1294",173,2,"toma","2006-600.jpg",TRUE
"1295",173,1,"dax","2005-600.jpg",TRUE
"1296",173,1,"wug","2007-600.jpg",TRUE
"1297",174,1,"kiv","2007-600.jpg",TRUE
"1298",174,4,"manu","2001-600.jpg",TRUE
"1299",174,4,"fep","2006-600.jpg",TRUE
"1300",174,2,"kreeb","2056-600.jpg",TRUE
"1301",174,1,"gazzer","2025-600.jpg",TRUE
"1302",174,4,"dax","2005-600.jpg",TRUE
"1303",174,2,"blicket","2023-600.jpg",TRUE
"1304",174,1,"toma","2002-600.jpg",TRUE
"1305",174,2,"wug","2009-600.jpg",FALSE
"1306",175,4,"toma","2007-600.jpg",TRUE
"1307",175,4,"gazzer","2002-600.jpg",TRUE
"1308",175,2,"wug","2005-600.jpg",TRUE
"1309",175,1,"dax","2056-600.jpg",TRUE
"1310",175,2,"blicket","2006-600.jpg",TRUE
"1311",175,1,"manu","2025-600.jpg",TRUE
"1312",175,1,"kiv","2023-600.jpg",FALSE
"1313",175,2,"kreeb","2001-600.jpg",TRUE
"1314",175,4,"fep","2009-600.jpg",TRUE
"1315",176,1,"toma","2009-600.jpg",TRUE
"1316",176,2,"kreeb","2056-600.jpg",TRUE
"1317",176,4,"kiv","2001-600.jpg",TRUE
"1318",176,4,"wug","2025-600.jpg",TRUE
"1319",176,1,"manu","2023-600.jpg",TRUE
"1320",176,2,"blicket","2007-600.jpg",TRUE
"1321",176,2,"fep","2005-600.jpg",TRUE
"1322",176,1,"dax","2006-600.jpg",TRUE
"1323",176,4,"gazzer","2002-600.jpg",TRUE
"1324",178,1,"kiv","2002-600.jpg",FALSE
"1325",178,2,"gazzer","2005-600.jpg",TRUE
"1326",178,4,"manu","2056-600.jpg",FALSE
"1327",178,1,"kreeb","2025-600.jpg",FALSE
"1328",178,2,"dax","2007-600.jpg",TRUE
"1329",178,4,"toma","2009-600.jpg",TRUE
"1330",178,1,"wug","2006-600.jpg",FALSE
"1331",178,4,"fep","2001-600.jpg",TRUE
"1332",178,2,"blicket","2023-600.jpg",TRUE
"1333",179,1,"manu","2001-600.jpg",TRUE
"1334",179,4,"blicket","2002-600.jpg",TRUE
"1335",179,2,"wug","2009-600.jpg",TRUE
"1336",179,1,"toma","2023-600.jpg",TRUE
"1337",179,1,"fep","2056-600.jpg",TRUE
"1338",179,2,"gazzer","2005-600.jpg",TRUE
"1339",179,4,"kreeb","2007-600.jpg",TRUE
"1340",179,2,"dax","2025-600.jpg",TRUE
"1341",179,4,"kiv","2006-600.jpg",TRUE
"1342",180,2,"fep","2009-600.jpg",FALSE
"1343",180,2,"wug","2007-600.jpg",TRUE
"1344",180,1,"kiv","2002-600.jpg",FALSE
"1345",180,4,"toma","2056-600.jpg",TRUE
"1346",180,4,"kreeb","2025-600.jpg",FALSE
"1347",180,1,"blicket","2023-600.jpg",FALSE
"1348",180,2,"dax","2005-600.jpg",FALSE
"1349",180,4,"gazzer","2006-600.jpg",FALSE
"1350",180,1,"manu","2001-600.jpg",FALSE
"1351",181,2,"kreeb","2001-600.jpg",TRUE
"1352",181,1,"dax","2025-600.jpg",FALSE
"1353",181,2,"toma","2056-600.jpg",TRUE
"1354",181,1,"wug","2009-600.jpg",TRUE
"1355",181,4,"gazzer","2005-600.jpg",TRUE
"1356",181,1,"blicket","2007-600.jpg",TRUE
"1357",181,2,"manu","2006-600.jpg",TRUE
"1358",181,4,"fep","2023-600.jpg",TRUE
"1359",181,4,"kiv","2002-600.jpg",TRUE
"1360",182,2,"wug","2025-600.jpg",TRUE
"1361",182,1,"kreeb","2023-600.jpg",TRUE
"1362",182,4,"kiv","2005-600.jpg",TRUE
"1363",182,2,"dax","2056-600.jpg",TRUE
"1364",182,2,"gazzer","2002-600.jpg",TRUE
"1365",182,4,"manu","2007-600.jpg",TRUE
"1366",182,1,"fep","2001-600.jpg",TRUE
"1367",182,1,"toma","2006-600.jpg",TRUE
"1368",182,4,"blicket","2009-600.jpg",TRUE
"1369",183,2,"gazzer","2023-600.jpg",TRUE
"1370",183,4,"dax","2001-600.jpg",TRUE
"1371",183,4,"blicket","2009-600.jpg",TRUE
"1372",183,4,"manu","2007-600.jpg",TRUE
"1373",183,2,"fep","2025-600.jpg",TRUE
"1374",183,1,"toma","2005-600.jpg",FALSE
"1375",183,1,"wug","2002-600.jpg",FALSE
"1376",183,1,"kreeb","2006-600.jpg",TRUE
"1377",183,2,"kiv","2056-600.jpg",TRUE
"1378",184,4,"gazzer","2009-600.jpg",TRUE
"1379",184,4,"wug","2056-600.jpg",TRUE
"1380",184,1,"kreeb","2001-600.jpg",TRUE
"1381",184,2,"blicket","2007-600.jpg",FALSE
"1382",184,4,"kiv","2006-600.jpg",TRUE
"1383",184,1,"manu","2025-600.jpg",TRUE
"1384",184,2,"dax","2002-600.jpg",FALSE
"1385",184,1,"fep","2005-600.jpg",TRUE
"1386",184,2,"toma","2023-600.jpg",TRUE
"1387",185,2,"blicket","2005-600.jpg",TRUE
"1388",185,4,"dax","2009-600.jpg",TRUE
"1389",185,1,"kreeb","2023-600.jpg",TRUE
"1390",185,4,"manu","2007-600.jpg",TRUE
"1391",185,1,"gazzer","2025-600.jpg",FALSE
"1392",185,1,"wug","2056-600.jpg",TRUE
"1393",185,4,"toma","2001-600.jpg",TRUE
"1394",185,2,"fep","2002-600.jpg",FALSE
"1395",185,2,"kiv","2006-600.jpg",TRUE
"1396",186,2,"toma","2006-600.jpg",TRUE
"1397",186,4,"dax","2056-600.jpg",TRUE
"1398",186,2,"gazzer","2009-600.jpg",TRUE
"1399",186,4,"blicket","2025-600.jpg",TRUE
"1400",186,1,"kreeb","2007-600.jpg",TRUE
"1401",186,2,"wug","2001-600.jpg",TRUE
"1402",186,1,"kiv","2002-600.jpg",TRUE
"1403",186,4,"manu","2023-600.jpg",TRUE
"1404",186,1,"fep","2005-600.jpg",TRUE
"1405",188,2,"kiv","2006-600.jpg",TRUE
"1406",188,4,"dax","2005-600.jpg",TRUE
"1407",188,4,"wug","2009-600.jpg",TRUE
"1408",188,1,"kreeb","2007-600.jpg",TRUE
"1409",188,2,"gazzer","2002-600.jpg",TRUE
"1410",188,4,"manu","2056-600.jpg",TRUE
"1411",188,2,"toma","2001-600.jpg",FALSE
"1412",188,1,"blicket","2025-600.jpg",FALSE
"1413",188,1,"fep","2023-600.jpg",FALSE
"1414",189,1,"manu","2056-600.jpg",FALSE
"1415",189,1,"kiv","2023-600.jpg",TRUE
"1416",189,4,"blicket","2006-600.jpg",TRUE
"1417",189,4,"gazzer","2002-600.jpg",TRUE
"1418",189,2,"fep","2009-600.jpg",TRUE
"1419",189,1,"kreeb","2025-600.jpg",FALSE
"1420",189,2,"toma","2001-600.jpg",TRUE
"1421",189,4,"wug","2007-600.jpg",TRUE
"1422",189,2,"dax","2005-600.jpg",TRUE
"1423",190,1,"fep","2006-600.jpg",TRUE
"1424",190,2,"gazzer","2009-600.jpg",TRUE
"1425",190,4,"blicket","2025-600.jpg",TRUE
"1426",190,1,"kiv","2002-600.jpg",FALSE
"1427",190,2,"dax","2007-600.jpg",TRUE
"1428",190,2,"manu","2023-600.jpg",TRUE
"1429",190,4,"wug","2056-600.jpg",TRUE
"1430",190,4,"toma","2005-600.jpg",TRUE
"1431",190,1,"kreeb","2001-600.jpg",FALSE
"1432",191,4,"wug","2007-600.jpg",TRUE
"1433",191,1,"manu","2001-600.jpg",FALSE
"1434",191,2,"toma","2006-600.jpg",TRUE
"1435",191,1,"fep","2005-600.jpg",FALSE
"1436",191,4,"kiv","2009-600.jpg",TRUE
"1437",191,2,"kreeb","2025-600.jpg",FALSE
"1438",191,1,"gazzer","2023-600.jpg",TRUE
"1439",191,2,"blicket","2002-600.jpg",TRUE
"1440",191,4,"dax","2056-600.jpg",TRUE
"1441",192,4,"fep","2009-600.jpg",TRUE
"1442",192,4,"toma","2001-600.jpg",TRUE
"1443",192,1,"manu","2023-600.jpg",FALSE
"1444",192,2,"dax","2007-600.jpg",TRUE
"1445",192,1,"gazzer","2025-600.jpg",FALSE
"1446",192,4,"wug","2002-600.jpg",TRUE
"1447",192,1,"blicket","2056-600.jpg",FALSE
"1448",192,2,"kiv","2006-600.jpg",FALSE
"1449",192,2,"kreeb","2005-600.jpg",TRUE
"1450",193,4,"blicket","2009-600.jpg",TRUE
"1451",193,2,"gazzer","2025-600.jpg",TRUE
"1452",193,2,"dax","2002-600.jpg",TRUE
"1453",193,1,"kiv","2005-600.jpg",TRUE
"1454",193,4,"manu","2023-600.jpg",TRUE
"1455",193,2,"toma","2001-600.jpg",TRUE
"1456",193,4,"wug","2007-600.jpg",TRUE
"1457",193,1,"kreeb","2006-600.jpg",TRUE
"1458",193,1,"fep","2056-600.jpg",TRUE
"1459",194,4,"gazzer","2056-600.jpg",TRUE
"1460",194,1,"manu","2009-600.jpg",TRUE
"1461",194,1,"fep","2005-600.jpg",TRUE
"1462",194,4,"dax","2007-600.jpg",FALSE
"1463",194,4,"toma","2025-600.jpg",TRUE
"1464",194,2,"kreeb","2002-600.jpg",TRUE
"1465",194,2,"kiv","2023-600.jpg",FALSE
"1466",194,2,"blicket","2006-600.jpg",TRUE
"1467",194,1,"wug","2001-600.jpg",TRUE
"1468",195,2,"toma","2002-600.jpg",TRUE
"1469",195,4,"wug","2023-600.jpg",TRUE
"1470",195,1,"fep","2025-600.jpg",TRUE
"1471",195,2,"kiv","2005-600.jpg",TRUE
"1472",195,1,"kreeb","2056-600.jpg",TRUE
"1473",195,1,"manu","2007-600.jpg",TRUE
"1474",195,2,"blicket","2009-600.jpg",TRUE
"1475",195,4,"dax","2001-600.jpg",TRUE
"1476",195,4,"gazzer","2006-600.jpg",TRUE
"1477",196,2,"dax","2025-600.jpg",TRUE
"1478",196,4,"kreeb","2005-600.jpg",TRUE
"1479",196,2,"gazzer","2007-600.jpg",TRUE
"1480",196,1,"toma","2056-600.jpg",FALSE
"1481",196,2,"wug","2001-600.jpg",TRUE
"1482",196,1,"manu","2009-600.jpg",TRUE
"1483",196,1,"blicket","2023-600.jpg",FALSE
"1484",196,4,"kiv","2006-600.jpg",TRUE
"1485",196,4,"fep","2002-600.jpg",TRUE
"1486",197,2,"dax","2023-600.jpg",TRUE
"1487",197,2,"kiv","2005-600.jpg",TRUE
"1488",197,1,"gazzer","2002-600.jpg",TRUE
"1489",197,4,"wug","2056-600.jpg",TRUE
"1490",197,1,"kreeb","2007-600.jpg",FALSE
"1491",197,4,"blicket","2006-600.jpg",TRUE
"1492",197,4,"toma","2001-600.jpg",TRUE
"1493",197,2,"manu","2025-600.jpg",TRUE
"1494",197,1,"fep","2009-600.jpg",FALSE
"1495",198,1,"kreeb","2009-600.jpg",TRUE
"1496",198,2,"kiv","2002-600.jpg",TRUE
"1497",198,1,"dax","2001-600.jpg",TRUE
"1498",198,4,"fep","2005-600.jpg",TRUE
"1499",198,2,"wug","2007-600.jpg",TRUE
"1500",198,4,"gazzer","2006-600.jpg",TRUE
"1501",198,2,"blicket","2025-600.jpg",TRUE
"1502",198,4,"toma","2056-600.jpg",TRUE
"1503",198,1,"manu","2023-600.jpg",TRUE
"1504",199,4,"gazzer","2023-600.jpg",TRUE
"1505",199,1,"kreeb","2007-600.jpg",FALSE
"1506",199,2,"toma","2001-600.jpg",TRUE
"1507",199,4,"dax","2005-600.jpg",TRUE
"1508",199,1,"kiv","2009-600.jpg",FALSE
"1509",199,4,"manu","2002-600.jpg",TRUE
"1510",199,1,"blicket","2025-600.jpg",FALSE
"1511",199,2,"fep","2006-600.jpg",FALSE
"1512",199,2,"wug","2056-600.jpg",FALSE
"1513",200,4,"fep","2005-600.jpg",TRUE
"1514",200,4,"blicket","2009-600.jpg",FALSE
"1515",200,1,"kiv","2001-600.jpg",TRUE
"1516",200,1,"manu","2006-600.jpg",TRUE
"1517",200,4,"gazzer","2056-600.jpg",TRUE
"1518",200,2,"dax","2007-600.jpg",TRUE
"1519",200,2,"wug","2002-600.jpg",TRUE
"1520",200,1,"toma","2023-600.jpg",FALSE
"1521",200,2,"kreeb","2025-600.jpg",TRUE
"1522",201,4,"wug","2001-600.jpg",TRUE
"1523",201,2,"gazzer","2007-600.jpg",TRUE
"1524",201,1,"kiv","2006-600.jpg",TRUE
"1525",201,1,"blicket","2025-600.jpg",TRUE
"1526",201,1,"fep","2023-600.jpg",TRUE
"1527",201,4,"dax","2056-600.jpg",TRUE
"1528",201,2,"toma","2005-600.jpg",TRUE
"1529",201,2,"manu","2009-600.jpg",TRUE
"1530",201,4,"kreeb","2002-600.jpg",TRUE
"1531",202,2,"toma","2007-600.jpg",FALSE
"1532",202,1,"manu","2005-600.jpg",FALSE
"1533",202,4,"wug","2009-600.jpg",TRUE
"1534",202,4,"gazzer","2056-600.jpg",TRUE
"1535",202,2,"kreeb","2025-600.jpg",FALSE
"1536",202,2,"fep","2006-600.jpg",FALSE
"1537",202,1,"blicket","2002-600.jpg",FALSE
"1538",202,1,"dax","2023-600.jpg",FALSE
"1539",202,4,"kiv","2001-600.jpg",TRUE
"1540",203,1,"wug","2001-600.jpg",FALSE
"1541",203,4,"blicket","2056-600.jpg",TRUE
"1542",203,2,"fep","2009-600.jpg",TRUE
"1543",203,4,"gazzer","2007-600.jpg",TRUE
"1544",203,4,"kreeb","2002-600.jpg",TRUE
"1545",203,2,"kiv","2005-600.jpg",TRUE
"1546",203,1,"manu","2025-600.jpg",FALSE
"1547",203,1,"dax","2023-600.jpg",FALSE
"1548",203,2,"toma","2006-600.jpg",TRUE
"1549",204,1,"blicket","2023-600.jpg",FALSE
"1550",204,4,"kiv","2009-600.jpg",TRUE
"1551",204,4,"gazzer","2007-600.jpg",FALSE
"1552",204,1,"wug","2002-600.jpg",TRUE
"1553",204,4,"dax","2025-600.jpg",TRUE
"1554",204,2,"fep","2005-600.jpg",TRUE
"1555",204,2,"kreeb","2001-600.jpg",TRUE
"1556",204,1,"manu","2056-600.jpg",TRUE
"1557",204,2,"toma","2006-600.jpg",FALSE
"1558",205,1,"manu","2023-600.jpg",TRUE
"1559",205,2,"fep","2056-600.jpg",TRUE
"1560",205,1,"kreeb","2002-600.jpg",TRUE
"1561",205,4,"gazzer","2007-600.jpg",TRUE
"1562",205,2,"kiv","2005-600.jpg",TRUE
"1563",205,4,"toma","2009-600.jpg",TRUE
"1564",205,2,"blicket","2006-600.jpg",TRUE
"1565",205,4,"dax","2001-600.jpg",TRUE
"1566",205,1,"wug","2025-600.jpg",FALSE
"1567",206,1,"kreeb","2007-600.jpg",TRUE
"1568",206,4,"wug","2001-600.jpg",TRUE
"1569",206,1,"toma","2006-600.jpg",TRUE
"1570",206,2,"gazzer","2023-600.jpg",FALSE
"1571",206,2,"kiv","2025-600.jpg",TRUE
"1572",206,2,"manu","2002-600.jpg",TRUE
"1573",206,4,"fep","2009-600.jpg",FALSE
"1574",206,4,"dax","2056-600.jpg",TRUE
"1575",206,1,"blicket","2005-600.jpg",TRUE
"1576",207,2,"fep","2007-600.jpg",TRUE
"1577",207,1,"toma","2009-600.jpg",FALSE
"1578",207,1,"dax","2002-600.jpg",TRUE
"1579",207,4,"manu","2025-600.jpg",TRUE
"1580",207,4,"gazzer","2056-600.jpg",TRUE
"1581",207,1,"blicket","2001-600.jpg",TRUE
"1582",207,4,"kreeb","2005-600.jpg",TRUE
"1583",207,2,"wug","2006-600.jpg",TRUE
"1584",207,2,"kiv","2023-600.jpg",TRUE
"1585",208,1,"dax","2002-600.jpg",FALSE
"1586",208,2,"gazzer","2007-600.jpg",FALSE
"1587",208,4,"kiv","2001-600.jpg",TRUE
"1588",208,1,"manu","2006-600.jpg",FALSE
"1589",208,4,"kreeb","2025-600.jpg",FALSE
"1590",208,4,"fep","2009-600.jpg",FALSE
"1591",208,2,"toma","2005-600.jpg",FALSE
"1592",208,2,"blicket","2023-600.jpg",FALSE
"1593",208,1,"wug","2056-600.jpg",FALSE
"1594",209,4,"kiv","2005-600.jpg",TRUE
"1595",209,1,"manu","2001-600.jpg",FALSE
"1596",209,1,"fep","2056-600.jpg",FALSE
"1597",209,4,"wug","2002-600.jpg",FALSE
"1598",209,2,"gazzer","2025-600.jpg",TRUE
"1599",209,4,"dax","2006-600.jpg",TRUE
"1600",209,2,"blicket","2007-600.jpg",FALSE
"1601",209,2,"kreeb","2009-600.jpg",FALSE
"1602",209,1,"toma","2023-600.jpg",FALSE
"1603",210,1,"fep","2006-600.jpg",FALSE
"1604",210,2,"blicket","2023-600.jpg",TRUE
"1605",210,2,"toma","2001-600.jpg",TRUE
"1606",210,2,"gazzer","2056-600.jpg",TRUE
"1607",210,4,"dax","2002-600.jpg",TRUE
"1608",210,1,"kiv","2007-600.jpg",TRUE
"1609",210,4,"wug","2005-600.jpg",TRUE
"1610",210,1,"kreeb","2009-600.jpg",FALSE
"1611",210,4,"manu","2025-600.jpg",TRUE
"1612",212,2,"kreeb","2006-600.jpg",TRUE
"1613",212,1,"gazzer","2023-600.jpg",FALSE
"1614",212,2,"dax","2005-600.jpg",TRUE
"1615",212,4,"wug","2009-600.jpg",TRUE
"1616",212,1,"manu","2007-600.jpg",FALSE
"1617",212,4,"blicket","2001-600.jpg",TRUE
"1618",212,2,"fep","2056-600.jpg",TRUE
"1619",212,1,"toma","2002-600.jpg",FALSE
"1620",212,4,"kiv","2025-600.jpg",TRUE
"1621",213,4,"gazzer","2006-600.jpg",TRUE
"1622",213,4,"dax","2005-600.jpg",TRUE
"1623",213,2,"kiv","2001-600.jpg",TRUE
"1624",213,1,"toma","2023-600.jpg",TRUE
"1625",213,4,"blicket","2009-600.jpg",TRUE
"1626",213,1,"kreeb","2007-600.jpg",FALSE
"1627",213,1,"fep","2056-600.jpg",FALSE
"1628",213,2,"wug","2025-600.jpg",TRUE
"1629",213,2,"manu","2002-600.jpg",TRUE
"1630",214,4,"fep","2005-600.jpg",TRUE
"1631",214,1,"gazzer","2056-600.jpg",TRUE
"1632",214,4,"wug","2007-600.jpg",TRUE
"1633",214,2,"blicket","2001-600.jpg",TRUE
"1634",214,2,"kreeb","2002-600.jpg",TRUE
"1635",214,4,"toma","2023-600.jpg",TRUE
"1636",214,1,"dax","2009-600.jpg",TRUE
"1637",214,2,"kiv","2006-600.jpg",TRUE
"1638",214,1,"manu","2025-600.jpg",TRUE
"1639",215,2,"dax","2006-600.jpg",TRUE
"1640",215,1,"gazzer","2007-600.jpg",TRUE
"1641",215,2,"manu","2002-600.jpg",TRUE
"1642",215,2,"kiv","2005-600.jpg",TRUE
"1643",215,1,"blicket","2056-600.jpg",TRUE
"1644",215,1,"fep","2023-600.jpg",TRUE
"1645",215,4,"toma","2025-600.jpg",TRUE
"1646",215,4,"kreeb","2009-600.jpg",TRUE
"1647",215,4,"wug","2001-600.jpg",TRUE
"1648",217,2,"wug","2007-600.jpg",TRUE
"1649",217,2,"toma","2002-600.jpg",TRUE
"1650",217,1,"manu","2056-600.jpg",TRUE
"1651",217,4,"blicket","2006-600.jpg",TRUE
"1652",217,4,"gazzer","2001-600.jpg",TRUE
"1653",217,1,"dax","2009-600.jpg",TRUE
"1654",217,2,"kreeb","2023-600.jpg",TRUE
"1655",217,4,"kiv","2005-600.jpg",TRUE
"1656",217,1,"fep","2025-600.jpg",TRUE
"1657",219,1,"blicket","2009-600.jpg",TRUE
"1658",219,4,"wug","2005-600.jpg",TRUE
"1659",219,2,"toma","2002-600.jpg",TRUE
"1660",219,1,"manu","2006-600.jpg",TRUE
"1661",219,2,"fep","2007-600.jpg",TRUE
"1662",219,2,"kiv","2056-600.jpg",FALSE
"1663",219,1,"dax","2001-600.jpg",FALSE
"1664",219,4,"kreeb","2023-600.jpg",FALSE
"1665",219,4,"gazzer","2025-600.jpg",FALSE
"1666",221,1,"dax","2002-600.jpg",TRUE
"1667",221,2,"fep","2025-600.jpg",TRUE
"1668",221,2,"gazzer","2001-600.jpg",TRUE
"1669",221,4,"manu","2006-600.jpg",TRUE
"1670",221,1,"blicket","2056-600.jpg",FALSE
"1671",221,1,"wug","2009-600.jpg",FALSE
"1672",221,4,"toma","2007-600.jpg",TRUE
"1673",221,2,"kreeb","2005-600.jpg",TRUE
"1674",221,4,"kiv","2023-600.jpg",TRUE
"1675",222,1,"dax","2005-600.jpg",TRUE
"1676",222,2,"fep","2006-600.jpg",TRUE
"1677",222,4,"toma","2023-600.jpg",TRUE
"1678",222,2,"manu","2002-600.jpg",TRUE
"1679",222,4,"kiv","2025-600.jpg",TRUE
"1680",222,1,"blicket","2056-600.jpg",TRUE
"1681",222,2,"kreeb","2007-600.jpg",TRUE
"1682",222,4,"wug","2001-600.jpg",TRUE
"1683",222,1,"gazzer","2009-600.jpg",FALSE
"1684",223,4,"gazzer","2005-600.jpg",TRUE
"1685",223,4,"kiv","2007-600.jpg",TRUE
"1686",223,1,"dax","2056-600.jpg",TRUE
"1687",223,2,"toma","2009-600.jpg",TRUE
"1688",223,1,"kreeb","2001-600.jpg",FALSE
"1689",223,1,"manu","2006-600.jpg",TRUE
"1690",223,2,"fep","2002-600.jpg",TRUE
"1691",223,4,"wug","2025-600.jpg",TRUE
"1692",223,2,"blicket","2023-600.jpg",TRUE
"1693",224,1,"wug","2056-600.jpg",TRUE
"1694",224,4,"kreeb","2002-600.jpg",TRUE
"1695",224,2,"toma","2023-600.jpg",TRUE
"1696",224,2,"manu","2009-600.jpg",TRUE
"1697",224,1,"dax","2025-600.jpg",TRUE
"1698",224,2,"gazzer","2005-600.jpg",TRUE
"1699",224,4,"blicket","2006-600.jpg",TRUE
"1700",224,4,"kiv","2007-600.jpg",TRUE
"1701",224,1,"fep","2001-600.jpg",TRUE
"1702",225,4,"gazzer","2023-600.jpg",TRUE
"1703",225,2,"manu","2002-600.jpg",TRUE
"1704",225,2,"wug","2009-600.jpg",TRUE
"1705",225,4,"fep","2025-600.jpg",TRUE
"1706",225,2,"kreeb","2001-600.jpg",TRUE
"1707",225,1,"blicket","2007-600.jpg",TRUE
"1708",225,1,"kiv","2006-600.jpg",TRUE
"1709",225,4,"dax","2056-600.jpg",TRUE
"1710",225,1,"toma","2005-600.jpg",TRUE
"1711",226,4,"dax","2005-600.jpg",TRUE
"1712",226,1,"gazzer","2025-600.jpg",FALSE
"1713",226,4,"manu","2009-600.jpg",TRUE
"1714",226,2,"blicket","2023-600.jpg",FALSE
"1715",226,1,"kiv","2001-600.jpg",FALSE
"1716",226,2,"wug","2056-600.jpg",TRUE
"1717",226,4,"toma","2007-600.jpg",TRUE
"1718",226,2,"kreeb","2002-600.jpg",FALSE
"1719",226,1,"fep","2006-600.jpg",FALSE
"1720",227,1,"toma","2025-600.jpg",TRUE
"1721",227,2,"kreeb","2056-600.jpg",TRUE
"1722",227,4,"wug","2005-600.jpg",TRUE
"1723",227,4,"fep","2006-600.jpg",TRUE
"1724",227,4,"kiv","2002-600.jpg",TRUE
"1725",227,1,"blicket","2009-600.jpg",TRUE
"1726",227,2,"dax","2001-600.jpg",TRUE
"1727",227,1,"manu","2007-600.jpg",TRUE
"1728",227,2,"gazzer","2023-600.jpg",TRUE
"1729",228,1,"dax","2002-600.jpg",TRUE
"1730",228,2,"kiv","2006-600.jpg",TRUE
"1731",228,4,"toma","2023-600.jpg",TRUE
"1732",228,4,"blicket","2009-600.jpg",TRUE
"1733",228,2,"gazzer","2001-600.jpg",TRUE
"1734",228,1,"fep","2025-600.jpg",TRUE
"1735",228,2,"wug","2005-600.jpg",TRUE
"1736",228,1,"manu","2056-600.jpg",TRUE
"1737",228,4,"kreeb","2007-600.jpg",TRUE
"1738",231,4,"kiv","2056-600.jpg",TRUE
"1739",231,1,"toma","2007-600.jpg",TRUE
"1740",231,2,"gazzer","2009-600.jpg",TRUE
"1741",231,4,"manu","2023-600.jpg",TRUE
"1742",231,1,"dax","2002-600.jpg",TRUE
"1743",231,4,"kreeb","2006-600.jpg",TRUE
"1744",231,1,"fep","2025-600.jpg",TRUE
"1745",231,2,"wug","2001-600.jpg",TRUE
"1746",231,2,"blicket","2005-600.jpg",TRUE
"1747",232,4,"gazzer","2056-600.jpg",TRUE
"1748",232,4,"dax","2006-600.jpg",TRUE
"1749",232,1,"blicket","2025-600.jpg",FALSE
"1750",232,1,"manu","2005-600.jpg",TRUE
"1751",232,4,"kiv","2007-600.jpg",TRUE
"1752",232,1,"kreeb","2002-600.jpg",TRUE
"1753",232,2,"toma","2023-600.jpg",TRUE
"1754",232,2,"fep","2009-600.jpg",TRUE
"1755",232,2,"wug","2001-600.jpg",TRUE
"1756",233,4,"kreeb","2056-600.jpg",TRUE
"1757",233,2,"blicket","2007-600.jpg",TRUE
"1758",233,4,"manu","2001-600.jpg",TRUE
"1759",233,1,"toma","2025-600.jpg",FALSE
"1760",233,1,"fep","2023-600.jpg",FALSE
"1761",233,1,"dax","2002-600.jpg",FALSE
"1762",233,2,"kiv","2005-600.jpg",TRUE
"1763",233,4,"gazzer","2009-600.jpg",TRUE
"1764",233,2,"wug","2006-600.jpg",FALSE
"1765",235,1,"kreeb","2009-600.jpg",FALSE
"1766",235,1,"fep","2023-600.jpg",FALSE
"1767",235,4,"manu","2001-600.jpg",TRUE
"1768",235,4,"blicket","2005-600.jpg",TRUE
"1769",235,4,"dax","2056-600.jpg",FALSE
"1770",235,2,"wug","2002-600.jpg",FALSE
"1771",235,2,"gazzer","2006-600.jpg",FALSE
"1772",235,2,"kiv","2025-600.jpg",FALSE
"1773",235,1,"toma","2007-600.jpg",FALSE
"1774",237,2,"manu","2006-600.jpg",TRUE
"1775",237,2,"toma","2005-600.jpg",TRUE
"1776",237,1,"wug","2009-600.jpg",TRUE
"1777",237,2,"gazzer","2056-600.jpg",TRUE
"1778",237,1,"dax","2007-600.jpg",FALSE
"1779",237,1,"kiv","2001-600.jpg",FALSE
"1780",237,4,"kreeb","2023-600.jpg",TRUE
"1781",237,4,"fep","2002-600.jpg",TRUE
"1782",237,4,"blicket","2025-600.jpg",TRUE
"1783",238,1,"kiv","2023-600.jpg",TRUE
"1784",238,2,"manu","2001-600.jpg",TRUE
"1785",238,4,"blicket","2002-600.jpg",TRUE
"1786",238,4,"kreeb","2007-600.jpg",TRUE
"1787",238,2,"fep","2025-600.jpg",TRUE
"1788",238,1,"toma","2005-600.jpg",TRUE
"1789",238,1,"wug","2009-600.jpg",TRUE
"1790",238,4,"gazzer","2056-600.jpg",TRUE
"1791",238,2,"dax","2006-600.jpg",TRUE
"1792",239,4,"blicket","2001-600.jpg",TRUE
"1793",239,1,"dax","2002-600.jpg",FALSE
"1794",239,1,"manu","2007-600.jpg",TRUE
"1795",239,2,"toma","2005-600.jpg",TRUE
"1796",239,1,"kreeb","2025-600.jpg",FALSE
"1797",239,2,"wug","2009-600.jpg",FALSE
"1798",239,2,"gazzer","2006-600.jpg",FALSE
"1799",239,4,"kiv","2056-600.jpg",TRUE
"1800",239,4,"fep","2023-600.jpg",TRUE
"1801",240,1,"dax","2006-600.jpg",TRUE
"1802",240,4,"gazzer","2005-600.jpg",TRUE
"1803",240,2,"toma","2007-600.jpg",TRUE
"1804",240,4,"blicket","2009-600.jpg",TRUE
"1805",240,2,"kiv","2025-600.jpg",TRUE
"1806",240,4,"wug","2002-600.jpg",TRUE
"1807",240,1,"fep","2056-600.jpg",TRUE
"1808",240,1,"manu","2001-600.jpg",TRUE
"1809",240,2,"kreeb","2023-600.jpg",TRUE
